id,cuisine,ingredients
10259,greek,"['romaine lettuce', 'black olives', 'grape tomatoes', 'garlic', 'pepper', 'purple onion', 'seasoning', 'garbanzo beans', 'feta cheese crumbles']"
25693,southern_us,"['plain flour', 'ground pepper', 'salt', 'tomatoes', 'ground black pepper', 'thyme', 'eggs', 'green tomatoes', 'yellow corn meal', 'milk', 'vegetable oil']"
20130,filipino,"['eggs', 'pepper', 'salt', 'mayonaise', 'cooking oil', 'green chilies', 'grilled chicken breasts', 'garlic powder', 'yellow onion', 'soy sauce', 'butter', 'chicken livers']"
22213,indian,"['water', 'vegetable oil', 'wheat', 'salt']"
13162,indian,"['black pepper', 'shallots', 'cornflour', 'cayenne pepper', 'onions', 'garlic paste', 'milk', 'butter', 'salt', 'lemon juice', 'water', 'chili powder', 'passata', 'oil', 'ground cumin', 'boneless chicken skinless thigh', 'garam masala', 'double cream', 'natural yogurt', 'bay leaf']"
6602,jamaican,"['plain flour', 'sugar', 'butter', 'eggs', 'fresh ginger root', 'salt', 'ground cinnamon', 'milk', 'vanilla extract', 'ground ginger', 'powdered sugar', 'baking powder']"
42779,spanish,"['olive oil', 'salt', 'medium shrimp', 'pepper', 'garlic', 'chopped cilantro', 'jalapeno chilies', 'flat leaf parsley', 'skirt steak', 'white vinegar', 'sea salt', 'bay leaf', 'chorizo sausage']"
3735,italian,"['sugar', 'pistachio nuts', 'white almond bark', 'flour', 'vanilla extract', 'olive oil', 'almond extract', 'eggs', 'baking powder', 'dried cranberries']"
16903,mexican,"['olive oil', 'purple onion', 'fresh pineapple', 'pork', 'poblano peppers', 'corn tortillas', 'cheddar cheese', 'ground black pepper', 'salt', 'iceberg lettuce', 'lime', 'jalapeno chilies', 'chopped cilantro fresh']"
12734,italian,"['chopped tomatoes', 'fresh basil', 'garlic', 'extra-virgin olive oil', 'kosher salt', 'flat leaf parsley']"
5875,italian,"['pimentos', 'sweet pepper', 'dried oregano', 'olive oil', 'garlic', 'sharp cheddar cheese', 'pepper', 'swiss cheese', 'provolone cheese', 'canola oil', 'mushrooms', 'black olives', 'sausages']"
45887,chinese,"['low sodium soy sauce', 'fresh ginger', 'dry mustard', 'green beans', 'white pepper', 'sesame oil', 'scallions', 'canola oil', 'sugar', 'Shaoxing wine', 'garlic', 'ground turkey', 'water', 'crushed red pepper flakes', 'corn starch']"
2698,italian,"['Italian parsley leaves', 'walnuts', 'hot red pepper flakes', 'extra-virgin olive oil', 'fresh lemon juice', 'trout fillet', 'garlic cloves', 'chipotle chile', 'fine sea salt', 'flat leaf parsley']"
41995,mexican,"['ground cinnamon', 'fresh cilantro', 'chili powder', 'ground coriander', 'kosher salt', 'ground black pepper', 'garlic', 'plum tomatoes', 'avocado', 'lime juice', 'flank steak', 'salt', 'ground cumin', 'black pepper', 'olive oil', 'crushed red pepper flakes', 'onions']"
31908,italian,"['fresh parmesan cheese', 'butter', 'all-purpose flour', 'fat free less sodium chicken broth', 'chopped fresh chives', 'gruyere cheese', 'ground black pepper', 'bacon slices', 'gnocchi', 'fat free milk', 'cooking spray', 'salt']"
24717,indian,"['tumeric', 'vegetable stock', 'tomatoes', 'garam masala', 'naan', 'red lentils', 'red chili peppers', 'onions', 'spinach', 'sweet potatoes']"
34466,british,"['greek yogurt', 'lemon curd', 'confectioners sugar', 'raspberries']"
1420,italian,"['italian seasoning', 'broiler-fryer chicken', 'mayonaise', 'zesty italian dressing']"
2941,thai,"['sugar', 'hot chili', 'asian fish sauce', 'lime juice']"
8152,vietnamese,"['soy sauce', 'vegetable oil', 'red bell pepper', 'chicken broth', 'yellow squash', 'garlic chili sauce', 'sliced green onions', 'broccolini', 'salt', 'fresh lime juice', 'cooked rice', 'chicken breasts', 'corn starch']"
13121,thai,"['pork loin', 'roasted peanuts', 'chopped cilantro fresh', 'hoisin sauce', 'creamy peanut butter', 'chopped fresh mint', 'thai basil', 'rice', 'medium shrimp', 'water', 'rice noodles', 'beansprouts']"
40523,mexican,"['roma tomatoes', 'kosher salt', 'purple onion', 'jalapeno chilies', 'lime', 'chopped cilantro']"
40989,southern_us,"['low-fat mayonnaise', 'pepper', 'salt', 'baking potatoes', 'eggs', 'spicy brown mustard']"
29630,chinese,"['sesame seeds', 'red pepper', 'yellow peppers', 'water', 'extra firm tofu', 'broccoli', 'soy sauce', 'orange bell pepper', 'arrowroot powder', 'fresh ginger', 'sesame oil', 'red curry paste']"
49136,italian,"['marinara sauce', 'flat leaf parsley', 'olive oil', 'linguine', 'capers', 'crushed red pepper flakes', 'olives', 'lemon zest', 'garlic']"
26705,chinese,"['sugar', 'lo mein noodles', 'salt', 'chicken broth', 'light soy sauce', 'flank steak', 'beansprouts', 'dried black mushrooms', 'pepper', 'chives', 'oyster sauce', 'dark soy sauce', 'peanuts', 'sesame oil', 'cabbage']"
27976,cajun_creole,"['herbs', 'lemon juice', 'fresh tomatoes', 'paprika', 'mango', 'stock', 'chile pepper', 'onions', 'red chili peppers', 'oil']"
22087,italian,"['ground black pepper', 'butter', 'sliced mushrooms', 'sherry', 'salt', 'grated parmesan cheese', 'heavy cream', 'spaghetti', 'chicken broth', 'cooked chicken', 'all-purpose flour']"
9197,chinese,"['green bell pepper', 'egg roll wrappers', 'sweet and sour sauce', 'corn starch', 'molasses', 'vegetable oil', 'oil', 'soy sauce', 'shredded cabbage', 'garlic', 'onions', 'fresh ginger root', 'ground pork', 'carrots']"
1299,mexican,"['flour tortillas', 'cheese', 'breakfast sausages', 'large eggs']"
40429,italian,"['yellow corn meal', 'boiling water', 'butter', 'fresh parmesan cheese', 'sea salt']"
34419,cajun_creole,"['chicken broth', 'chicken breasts', 'hot sauce', 'red bell pepper', 'potatoes', 'bacon', 'garlic cloves', 'fresh parsley', 'andouille sausage', 'cajun seasoning', 'peanut oil', 'celery', 'ground red pepper', 'all-purpose flour', 'shrimp', 'onions']"
10276,mexican,"['chili powder', 'crushed red pepper flakes', 'garlic powder', 'sea salt', 'ground cumin', 'onion powder', 'dried oregano', 'ground black pepper', 'paprika']"
33465,thai,"['eggs', 'shallots', 'firm tofu', 'beansprouts', 'turnips', 'palm sugar', 'vegetable oil', 'garlic cloves', 'sliced chicken', 'fish sauce', 'lime wedges', 'roasted peanuts', 'green papaya', 'chile powder', 'ground black pepper', 'tamarind paste', 'chinese chives']"
39250,italian,"['olive oil', 'onions', 'crushed garlic', 'dried oregano', 'green onions', 'white sugar', 'dried basil', 'diced tomatoes']"
37963,cajun_creole,"['olive oil', 'diced tomatoes', 'Johnsonville Andouille Dinner Sausage', 'parsley', 'shrimp', 'jambalaya rice mix', 'worcestershire sauce', 'hot pepper sauce', 'creole seasoning']"
20051,italian,"['olive oil', 'bread slices', 'great northern beans', 'garlic cloves', 'pepper', 'shrimp', 'sage leaves', 'salt']"
11300,filipino,"['chicken broth', 'cooking oil', 'chinese five-spice powder', 'ground black pepper', 'salt', 'sugar', 'crushed garlic', 'chicken thighs', 'soy sauce', 'star anise']"
17610,southern_us,"['green onions', 'cream cheese', 'shredded cheddar cheese', 'cayenne pepper', 'chili powder', 'garlic cloves', 'black-eyed peas', 'tortilla chips']"
37405,southern_us,"['collard greens', 'extra-virgin olive oil', 'ham hock', 'chicken stock', 'apple cider', 'freshly ground pepper', 'chile powder', 'bay leaves', 'salt', 'rib', 'light brown sugar', 'large garlic cloves', 'cayenne pepper', 'onions']"
28302,italian,"['Oscar Mayer Deli Fresh Smoked Ham', 'hoagie rolls', 'salami', 'giardiniera', 'mozzarella cheese', 'pepperoni', 'butter', 'italian seasoning']"
31634,brazilian,"['ice cubes', 'club soda', 'white rum', 'lime', 'turbinado']"
32304,mexican,"['cooked chicken', 'enchilada sauce', 'sliced green onions', 'picante sauce', 'green pepper', 'corn tortillas', 'canned black beans', 'shredded lettuce', 'sour cream', 'shredded cheddar cheese', 'garlic cloves', 'canola oil']"
36341,indian,"['salmon fillets', 'shallots', 'cumin seed', 'fresh cilantro', 'salt', 'curry powder', 'vegetable oil', 'serrano chile', 'fresh ginger', 'sauce']"
29369,mexican,"['tomatoes', 'chicken breast halves', 'chopped cilantro fresh', 'white vinegar', 'jalapeno chilies', 'salt', 'black pepper', 'vegetable oil', 'avocado', 'lettuce leaves', 'chopped onion']"
27564,chinese,"['eggs', 'mandarin oranges', 'water', 'orange liqueur', 'yellow cake mix', 'frosting', 'vegetable oil', 'white sugar']"
18515,french,"['sugar', 'salt', 'fennel bulb', 'water', 'lemon olive oil', 'grapefruit juice']"
3335,southern_us,"['sugar', 'all-purpose flour', 'vegetable oil', 'white cornmeal', 'baking powder', 'onions', 'bacon drippings', 'buttermilk']"
4499,southern_us,"['butter', 'crab boil', 'garlic', 'old bay seasoning', 'cream cheese', 'crawfish', 'salt']"
4906,southern_us,"['mayonaise', 'white sugar', 'ground black pepper', 'salt', 'white vinegar', 'lemon juice']"
5767,japanese,"['sirloin', 'mirin', 'yellow onion', 'low sodium soy sauce', 'water', 'corn oil', 'sugar', 'green onions', 'glass noodles', 'sake', 'shiitake', 'napa cabbage']"
30748,southern_us,"['large eggs', 'whipping cream', 'chicken broth', 'ground red pepper', 'extra sharp cheddar cheese', 'quickcooking grits', 'hot sauce', 'ground black pepper', 'worcestershire sauce', 'monterey jack']"
35930,italian,"['fresh basil', 'bay leaves', 'crushed red pepper', 'mussels', 'olive oil', 'basil', 'garlic cloves', 'black pepper', 'dry white wine', 'salt', 'tomatoes', 'finely chopped onion', 'linguine', 'flat leaf parsley']"
44902,southern_us,"['sugar', 'large eggs', 'all-purpose flour', 'baking soda', 'buttermilk', 'honey', 'corn oil', 'yellow corn meal', 'unsalted butter', 'salt']"
31119,italian,"['lemon', 'pesto', 'salmon fillets', 'white wine']"
3535,jamaican,"['bread crumbs', 'unsalted butter', 'onion powder', 'curry', 'low sodium beef broth', 'pickapeppa sauce', 'curry powder', 'bay leaves', 'garlic', 'cayenne pepper', 'cold water', 'pepper', 'large eggs', 'extra-virgin olive oil', 'yellow onion', 'allspice', 'white vinegar', 'kosher salt', 'fresh thyme', 'worcestershire sauce', 'all-purpose flour', 'ground beef']"
47028,japanese,"['melted butter', 'matcha green tea powder', 'white sugar', 'milk', 'all-purpose flour', 'eggs', 'salt', 'baking powder', 'chopped walnuts']"
38112,indian,"['coarse salt', 'fenugreek', 'urad dal', 'potatoes', 'white rice', 'vegetable oil']"
2646,italian,"['pizza crust', 'plum tomatoes', 'pesto', 'part-skim mozzarella cheese']"
5206,irish,"['cooking spray', 'salt', 'black pepper', 'yukon gold potatoes', 'low-fat sour cream', 'leeks', 'olive oil', '1% low-fat milk']"
38233,thai,"['sugar', 'chicken thighs', 'cooking oil', 'fish sauce', 'garlic', 'black pepper']"
39267,thai,"['lemongrass', 'large garlic cloves', 'rice', 'unsweetened coconut milk', 'fresh ginger', 'peanut sauce', 'spareribs', 'sesame oil', 'tamari soy sauce', 'golden brown sugar', 'dry sherry', 'boiling water']"
11913,indian,"['chicken legs', 'chile pepper', 'ghee', 'tomato paste', 'fresh ginger root', 'garlic', 'chopped cilantro fresh', 'water', 'vegetable oil', 'onions', 'tomatoes', 'garam masala', 'cumin seed', 'ground turmeric']"
20591,jamaican,"['stock', 'curry powder', 'cracked black pepper', 'minced beef', 'onions', 'plain flour', 'bread crumbs', 'butter', 'garlic', 'celery', 'cold water', 'tumeric', 'dried thyme', 'ginger', 'oil', 'tomatoes', 'water', 'paprika', 'salt', 'chillies']"
70,italian,"['crushed tomatoes', 'garlic', 'fresh rosemary', 'ground black pepper', 'onions', 'olive oil', 'boneless pork loin', 'kosher salt', 'pappardelle']"
43928,thai,"['extra firm tofu', 'coconut milk', 'fresh basil', 'red curry paste', 'eggplant', 'red bell pepper', 'vegetable oil', 'onions']"
8530,korean,"['jasmine rice', 'garlic', 'scallions', 'sugar', 'shiitake', 'Gochujang base', 'beansprouts', 'top round steak', 'sesame seeds', 'rice vinegar', 'carrots', 'soy sauce', 'sesame oil', 'Taiwanese bok choy']"
275,french,"['vanilla', 'milk', 'large egg yolks', 'sugar', 'corn starch']"
43769,french,"['orange juice concentrate', 'pumpkin purГ©e', 'marshmallow creme', 'toasted pecans', 'maple syrup', 'ground cinnamon', 'gingersnap', 'ground nutmeg', 'cream cheese']"
49111,southern_us,"['black pepper', 'white sugar', 'white vinegar', 'salt', 'bacon', 'brown sugar', 'green beans']"
11886,spanish,"['large eggs', 'serrano ham', 'manchego cheese', 'butter', 'dijon mustard', 'sourdough', 'membrillo']"
45839,indian,"['burger buns', 'fresh cilantro', 'chili powder', 'garlic cloves', 'panko breadcrumbs', 'chickpea flour', 'pepper', 'Sriracha', 'chickpeas', 'carrots', 'ground flaxseed', 'soy sauce', 'olive oil', 'salt', 'lemon juice', 'greens', 'spinach', 'curry powder', 'tahini', 'scallions', 'onions', 'ground cumin']"
699,moroccan,"['ground cloves', 'whole nutmegs', 'ground ginger', 'ground coriander', 'ground cinnamon', 'ground cardamom', 'ground black pepper', 'ground cumin']"
24568,italian,"['tomatoes', 'red pepper', 'olive oil', 'Italian bread', 'balsamic vinegar', 'onions', 'fresh basil', 'garlic']"
8820,italian,"['sausage casings', 'ground black pepper', 'garlic', 'honey', 'grated parmesan cheese', 'shredded mozzarella cheese', 'kosher salt', 'roasted red peppers', 'penne pasta', 'olive oil', 'crushed red pepper flakes']"
16582,moroccan,"['tumeric', 'olive oil', 'lemon', 'saffron', 'tomato paste', 'pepper', 'flour', 'chickpeas', 'chicken stock', 'warm water', 'fresh ginger', 'salt', 'tomatoes', 'fresh cilantro', 'shallots', 'fresh parsley']"
9058,moroccan,"['ground pepper', 'paprika', 'ground cardamom', 'chopped cilantro fresh', 'preserved lemon', 'harissa', 'salt', 'couscous', 'tomato paste', 'cayenne', 'garlic', 'fat skimmed chicken broth', 'ground turmeric', 'pitted kalamata olives', 'diced tomatoes', 'fat', 'onions']"
4715,vietnamese,"['sweetened condensed milk', 'ice', 'espresso']"
29061,japanese,"['top round steak', 'vegetable oil', 'shiitake', 'soy sauce', 'fresh asparagus', 'green onions']"
2107,mexican,"['avocado', 'chopped cilantro fresh', 'jalapeno chilies', 'finely chopped onion', 'plum tomatoes', 'green chilies']"
22825,cajun_creole,"['pecans', 'golden brown sugar', 'crumbled blue cheese', 'garlic cloves', 'chuck', 'hamburger buns', 'hot pepper sauce', 'creole seasoning', 'onions', 'mayonaise', 'ground black pepper', 'salt', 'okra pods', 'andouille sausage', 'olive oil', 'watercress', 'fresh lemon juice']"
13758,southern_us,"['sugar', 'vanilla', 'eggs', 'self rising flour', 'confectioners sugar', 'milk', 'softened butter', 'food colouring', 'butter']"
6886,french,"['Madeira', 'foie gras', 'demi-glace', 'sherry vinegar', 'whipping cream', 'white bread', 'Fuyu persimmons', 'salt', 'egg bread', 'watercress']"
14874,indian,"['fenugreek leaves', 'olive oil', 'garlic', 'black mustard seeds', 'ground cumin', 'amchur', 'lime wedges', 'scallions', 'coriander', 'sugar', 'fingerling potatoes', 'green chilies', 'chopped cilantro', 'tumeric', 'fresh ginger root', 'salt', 'ramps']"
43399,indian,"['black peppercorns', 'cinnamon sticks', 'cardamom pods', 'cumin seed', 'coriander seeds']"
38254,italian,"['spinach', 'asiago', 'whole wheat pasta', 'olive oil', 'sweet onion', 'garlic', 'grape tomatoes', 'mushrooms']"
41596,italian,"['chestnuts', 'granulated sugar', 'whole milk ricotta cheese', 'coffee ice cream', 'large eggs', 'mascarpone', 'rum', 'powdered sugar', 'semisweet chocolate', 'chestnut flour']"
33989,indian,"['baby spinach leaves', 'naan', 'unsalted butter', 'chopped garlic', 'water', 'large shrimp', 'tomatoes', 'salt']"
17004,korean,"['water', 'barley']"
4969,spanish,"['cooked ham', 'red bell pepper', 'seasoning', 'potatoes', 'olive oil', 'onions', 'eggs', 'bacon']"
31831,italian,"['salt', 'starchy potatoes', 'grated nutmeg', 'flour']"
46648,southern_us,"['ground black pepper', 'all-purpose flour', 'milk', 'buttermilk', 'sirloin tip roast', 'coarse salt', 'steak', 'vegetable oil', 'cayenne pepper']"
36888,southern_us,"['granulated sugar', 'all-purpose flour', 'vegetable shortening', 'baking powder', 'milk', 'salt']"
34471,greek,"['ground pork', 'finely chopped fresh parsley', 'onions', 'salt', 'vinegar', 'caul fat']"
25164,mexican,"['ground cinnamon', 'whole milk', 'golden brown sugar', 'heavy whipping cream', 'kahlГєa', 'corn starch', 'instant espresso powder']"
39600,mexican,"['boneless chicken skinless thigh', 'lime', 'epazote', 'bay leaf', 'lime juice', 'radishes', 'salt', 'oregano', 'white onion', 'hominy', 'garlic', 'chopped cilantro', 'avocado', 'fresh cilantro', 'tomatillos', 'pepitas', 'canola oil']"
46357,southern_us,"['catfish fillets', 'ground black pepper', 'salt', 'dried thyme', 'ground red pepper', 'peanut oil', 'yellow corn meal', 'large eggs', 'all-purpose flour', 'garlic powder', 'buttermilk']"
46905,indian,"['olive oil', 'sea salt', 'coconut milk', 'water', 'garam masala', 'ground coriander', 'basmati rice', 'cauliflower', 'fresh ginger', 'green chilies', 'onions', 'fresh cilantro', 'potatoes', 'scallions', 'cumin']"
8753,italian,"['olive oil', 'olives', 'salt', 'blood orange', 'freshly ground pepper', 'fennel bulb']"
37337,italian,"['balsamic vinegar', 'low salt chicken broth', 'dijon mustard', 'corn starch', 'dried basil', 'garlic cloves', 'white wine vinegar']"
17636,italian,"['tomato sauce', 'shredded carrots', 'spinach', 'part-skim mozzarella cheese', 'italian seasoning', 'english muffins, split and toasted', 'chopped onion', 'vegetable oil cooking spray', 'chopped green bell pepper']"
8997,japanese,"['prawns', 'rice flour', 'seasoning salt', 'salt', 'vegetable oil', 'club soda', 'garlic powder', 'cayenne pepper']"
28851,italian,"['cheddar cheese', 'lasagna noodles', 'pepper', 'ranch dressing', 'mozzarella cheese', 'cooked chicken', 'evaporated milk']"
4635,greek,"['minced garlic', 'dried oregano', 'red wine vinegar', 'olive oil', 'boneless chop pork', 'lemon juice']"
7782,korean,"['cooking spray', 'garlic cloves', 'sliced green onions', 'chile paste', 'salt', 'fresh lime juice', 'sugar', 'flank steak', 'corn tortillas', 'lower sodium soy sauce', 'dark sesame oil', 'cabbage']"
8031,indian,"['minced garlic', 'raisins', 'onions', 'olive oil', 'pearl barley', 'curry powder', 'salt', 'slivered almonds', 'ground black pepper', 'flat leaf parsley']"
49434,mexican,"['chocolate bars', 'marshmallows', 'cinnamon graham crackers']"
31318,southern_us,"['milk', 'grated parmesan cheese', 'chopped celery', 'mustard powder', 'cod', 'minced onion', 'butter', 'all-purpose flour', 'ground black pepper', 'potatoes', 'salt', 'red bell pepper', 'water', 'chopped green bell pepper', 'old bay seasoning', 'dry bread crumbs']"
31027,irish,"['vegetable oil cooking spray', 'golden raisins', 'salt', 'margarine', 'eggs', 'mace', 'brewed tea', 'all-purpose flour', 'candied orange peel', 'ground nutmeg', 'raisins', 'grated lemon zest', 'ground cinnamon', 'dried currants', 'baking powder', 'rum extract', 'dark brown sugar']"
47095,korean,"['sugar', 'water', 'noodles', 'pork', 'corn starch', 'baby bok choy', 'black bean sauce', 'red potato', 'kosher salt', 'onions']"
4574,chinese,"['chinese rice wine', 'shiitake', 'sesame oil', 'oil', 'soy sauce', 'egg roll wrappers', 'garlic', 'corn starch', 'sugar', 'ground black pepper', 'ground pork', 'carrots', 'fresh ginger', 'cooking oil', 'salt', 'cabbage']"
19757,mexican,"['black beans', 'quinoa', 'garlic', 'lime', 'diced tomatoes', 'chopped cilantro fresh', 'kosher salt', 'jalapeno chilies', 'frozen corn', 'olive oil', 'vegetable broth']"
35570,southern_us,"['salt', 'butter', 'red bell pepper', 'black pepper', 'okra pods', 'yellow bell pepper', 'chopped cilantro fresh']"
44812,chinese,"['water', 'salt', 'garlic cloves', 'cold water', 'orange', 'sauce', 'onions', 'soy sauce', 'star anise', 'chinese five-spice powder', 'brown sugar', 'fresh ginger', 'duck']"
27858,moroccan,"['tomato paste', 'unsalted butter', 'dried mint flakes', 'purple onion', 'ground cumin', 'olive oil', 'grated parmesan cheese', 'diced tomatoes', 'penne rigate', 'feta cheese', 'whole milk', 'ras el hanout', 'ground lamb', 'ground cinnamon', 'large eggs', 'large garlic cloves', 'all-purpose flour']"
18624,irish,"['crumbled blue cheese', 'salt', 'large egg whites', 'vegetable oil', 'sugar', 'cooking spray', 'all-purpose flour', 'large eggs', '2% reduced-fat milk']"
9406,chinese,"['sugar', 'napa cabbage leaves', 'garlic', 'chicken leg quarters', 'soy sauce', 'butter', 'rice vinegar', 'red chili peppers', 'sesame oil', 'salt', 'cucumber', 'pepper', 'ginger', 'long-grain rice']"
35132,irish,"['crusty bread', 'salt', 'baby potatoes', 'olive oil', 'fresh parsley', 'smoked streaky bacon', 'sausages', 'chicken stock', 'ground black pepper', 'onions']"
33071,mexican,"['piloncillo', 'ground allspice', 'water', 'hibiscus', 'ground cloves', 'cinnamon sticks', 'ground nutmeg', 'white sugar']"
8321,italian,"['olive oil', 'freshly ground pepper', 'fresh rosemary', 'salt', 'fresh parsley', 'fresh basil', 'fresh oregano', 'crushed red pepper', 'garlic cloves']"
20955,italian,"['cold water', 'sugar', 'butter', 'chocolate morsels', 'cream sweeten whip', 'instant espresso granules', 'whipping cream', 'boiling water', 'kahlГєa', 'large eggs', 'chocolate covered coffee beans', 'unflavored gelatin', 'mascarpone', 'pound cake']"
45776,italian,"['pinenuts', 'zucchini', 'baby carrots', 'fresh basil leaves', 'olive oil', 'dry white wine', 'asparagus spears', 'white onion', 'grated parmesan cheese', 'carrots', 'frozen peas', 'arborio rice', 'yellow crookneck squash', 'butter', 'low salt chicken broth']"
6043,jamaican,"['tomato sauce', 'ground black pepper', 'garlic', 'scallions', 'chipotles in adobo', 'avocado', 'dried thyme', 'instant white rice', 'cilantro leaves', 'coconut milk', 'water', 'red beans', 'chopped celery', 'skinless chicken thighs', 'onions', 'lime zest', 'lime juice', 'lime wedges', 'salt', 'carrots']"
336,mexican,"['water', 'condensed cream of mushroom soup', 'condensed cream of chicken soup', 'lean ground beef', 'Mexican cheese blend', 'chunky salsa', 'taco seasoning mix', 'corn tortillas']"
25751,japanese,"['pepper', 'panko breadcrumbs', 'plain flour', 'oil', 'salt', 'eggs', 'steak']"
793,spanish,"['minced garlic', 'chorizo spanish', 'red bell pepper', 'olive oil', 'pineapple juice', 'lime', 'cilantro leaves', 'large shrimp', 'dark rum', 'fresh lemon juice']"
34367,chinese,"['water', 'daikon', 'sugar', 'pork ribs', 'oil', 'soy sauce', 'shallots', 'goji berries', 'chinese rice wine', 'oysters', 'salt']"
7406,mexican,"['shredded cheddar cheese', 'corn tortillas', 'salsa', 'vegetable oil', 'black beans', 'sour cream']"
7473,british,"['demerara sugar', 'egg whites', 'fruit', 'butter', 'dried currants', 'frozen pastry puff sheets', 'mixed spice', 'white sugar']"
7532,indian,"['parsnips', 'garam masala', 'chili oil', 'olive oil', 'brown mustard seeds', 'chopped cilantro fresh', 'sugar', 'cooking spray', 'salt', 'coriander seeds', 'yukon gold potatoes', 'ground cumin']"
5924,thai,"['Sriracha', 'unsalted cashews', 'thai green curry paste', 'light soy sauce', 'kecap manis', 'garlic', 'frozen broad beans', 'basil leaves', 'yellow onion', 'chili flakes', 'cooking oil', 'chicken tenderloin']"
5802,southern_us,"['butter', 'creole style seasoning', 'fresh parsley', 'ground black pepper', 'cayenne pepper', 'shrimp', 'cauliflower', 'paprika', 'condensed cheddar cheese soup', 'whole milk', 'chopped onion', 'sliced mushrooms']"
41078,mexican,"['refried beans', 'grated jack cheese', 'hot sauce', 'sour cream']"
20665,spanish,"['ground cinnamon', 'cornflour', 'milk', 'egg yolks', 'sugar', 'cinnamon sticks']"
39471,french,"['grated parmesan cheese', 'asparagus', 'bacon slices', 'ground black pepper', 'green onions', 'large eggs', 'salt']"
9595,italian,"['fresh leav spinach', 'cheese tortellini', 'fresh basil', 'cherry tomatoes', 'fresh lemon juice', 'capers', 'fresh parmesan cheese', 'navy beans', 'pepper', 'extra-virgin olive oil']"
27869,indian,"['quinoa', 'nonfat milk', 'granny smith apples', 'paprika', 'chicken broth', 'chicken breasts', 'chopped onion', 'curry powder', 'chopped celery']"
44776,british,"['milk', 'salt', 'flour', 'eggs', 'lard']"
17771,spanish,"['tomatoes', 'golden raisins', 'salt', 'olive oil', 'yellow bell pepper', 'olives', 'ground pepper', 'white wine vinegar', 'green bell pepper', 'green onions', 'fresh basil leaves']"
43970,italian,"['pecorino romano cheese', 'fresh fava bean', 'finely chopped onion', 'extra-virgin olive oil', 'plum tomatoes', 'italian sausage', 'large garlic cloves', 'pasta sheets', 'dry white wine', 'crushed red pepper']"
27165,korean,"['fish sauce', 'chicken broth', 'sesame oil', 'green onions', 'eggs']"
11190,indian,"['lime zest', 'sweet potatoes', 'purple onion', 'boiling water', 'spinach leaves', 'ginger', 'low-fat natural yogurt', 'red lentils', 'vegetable stock', 'carrots', 'basmati rice', 'lime', 'Flora Cuisine', 'curry paste']"
21872,mexican,"['kosher salt', 'radishes', 'garlic cloves', 'dried oregano', 'chicken stock', 'ground black pepper', 'bone-in chicken breasts', 'red bell pepper', 'canola oil', 'tomato paste', 'white hominy', 'tortilla chips', 'onions', 'avocado', 'lime', 'cilantro leaves', 'dried chile peppers', 'cabbage']"
29853,mexican,"['granulated sugar', 'large egg whites']"
1154,southern_us,"['frozen whipped topping', 'chocolate instant pudding', 'instant butterscotch pudding mix', 'cream cheese', 'milk', 'butter', 'graham cracker crumbs', 'white sugar']"
9069,french,"['fennel seeds', 'kalamata', 'capers', 'dried oregano', 'great northern beans', 'salt', 'red wine vinegar']"
46975,cajun_creole,"['kosher salt', 'kielbasa', 'red bell pepper', 'celery ribs', 'large garlic cloves', 'long-grain rice', 'fresh parsley', 'olive oil', 'cayenne pepper', 'medium shrimp', 'chicken broth', 'diced tomatoes', 'ham', 'onions']"
4892,indian,"['moong dal', 'cilantro leaves', 'onions', 'tomatoes', 'capsicum', 'lemon juice', 'green mango', 'oil', 'garlic paste', 'salt', 'carrots']"
21467,chinese,"['fresh ginger', 'garlic', 'low sodium soy sauce', 'mirin', 'toasted sesame oil', 'tofu', 'short-grain rice', 'dried shiitake mushrooms', 'gari', 'green onions']"
20919,italian,"['shredded mozzarella cheese', 'marinara sauce', 'fresh basil leaves', 'penne pasta']"
42013,italian,"['water', 'extra-virgin olive oil', 'carrots', 'hot red pepper flakes', 'Turkish bay leaves', 'dried chickpeas', 'onions', 'celery ribs', 'semolina', 'fine sea salt', 'flat leaf parsley', 'warm water', 'vine ripened tomatoes', 'garlic cloves']"
17821,italian,"['sugar', 'mascarpone', 'bittersweet chocolate', 'fat free yogurt', 'vanilla extract', 'skim milk', 'angel food cake', 'unsweetened cocoa powder', 'kahlГєa', 'water', 'instant espresso']"
44138,southern_us,"['water', 'onion powder', 'peanut oil', 'black pepper', 'garlic powder', 'salt', 'eggs', 'organic chicken', 'buttermilk', 'corn starch', 'pepper', 'flour', 'cayenne pepper']"
5980,greek,"['orange', 'anise', 'cinnamon sticks', 'unflavored gelatin', 'zinfandel', 'orange blossom honey', 'sugar', 'lemon', 'calimyrna figs', 'clove', 'honey', 'whipping cream', 'plain whole-milk yogurt']"
41961,japanese,"['ground pepper', 'flour', 'garlic', 'onions', 'fresh ginger', 'mirin', 'daikon', 'corn starch', 'olive oil', 'reduced sodium soy sauce', 'beef stock', 'salt', 'sliced green onions', 'shiitake', 'chuck roast', 'star anise', 'chopped cilantro']"
27008,cajun_creole,"['Corn Flakes Cereal', 'yellow corn meal', 'coleslaw', 'catfish fillets', 'creole seasoning', 'cooking spray']"
31867,italian,"['diced tomatoes', 'sugar', 'garlic salt', 'tomato paste', 'crushed red pepper', 'dried basil', 'dried oregano']"
34248,korean,"['soy sauce', 'chili paste', 'oil', 'brown sugar', 'honey', 'red pepper flakes', 'kiwi', 'pepper', 'asian pear', 'garlic cloves', 'pork', 'fresh ginger', 'salt']"
13792,mexican,"['chicken broth', 'chees fresco queso', 'corn tortillas', 'swiss chard', 'salt', 'olive oil', 'garlic', 'onions', 'red pepper flakes', 'salsa']"
38502,indian,"['chili powder', 'coriander', 'garam masala', 'salt', 'tumeric', 'vegetable oil', 'cumin', 'prawns', 'sauce']"
7023,italian,"['mushrooms', 'all-purpose flour', 'fresh rosemary', 'veal cutlets', 'plum tomatoes', 'dry white wine', 'low salt chicken broth', 'olive oil', 'large garlic cloves']"
7783,mexican,"['tomato sauce', 'garlic salt', 'chili powder', 'water', 'ground cumin', 'pasta', 'vegetable oil']"
2472,korean,"['wakame', 'extra-lean ground beef', 'minced garlic', 'salt', 'water', 'soy sauce', 'sesame oil']"
45193,chinese,"['scallion greens', 'Sriracha', 'carrots', 'soy sauce', 'wonton wrappers', 'toasted sesame oil', 'sugar', 'peeled fresh ginger', 'nonstick spray', 'white vinegar', 'large egg whites', 'scallions', 'large shrimp']"
7501,french,"['tomatoes', 'olive oil', 'chopped fresh thyme', 'salt', 'chicken bones', 'green bell pepper, slice', 'black olives', 'lemon juice', 'eggs', 'ground black pepper', 'garlic', 'anchovy fillets', 'dried thyme', 'lettuce leaves', 'purple onion', 'crusty rolls']"
34930,chinese,"['coconut oil', 'ground red pepper', 'scallions', 'curry powder', 'salt', 'coconut milk', 'pepper', 'sesame oil', 'carrots', 'ground ginger', 'almond flour', 'coconut aminos', 'ground beef']"
42967,spanish,"['olive oil', 'white rice', 'onions', 'chicken broth', 'crushed garlic', 'all-purpose flour', 'saffron', 'pepper', 'green peas', 'shrimp', 'chorizo sausage', 'clams', 'chopped tomatoes', 'salt', 'boneless skinless chicken breast halves']"
14080,chinese,"['chicken stock', 'minced garlic', 'seasoned rice wine vinegar', 'snow peas', 'soy sauce', 'vegetable oil', 'garlic cloves', 'sugar', 'fresh ginger root', 'rice vinegar', 'large shrimp', 'white pepper', 'garlic', 'corn starch']"
45352,spanish,"['olive oil', 'paprika', 'chopped onion', 'sugar', 'hard-boiled egg', 'bacon slices', 'spinach leaves', 'artichoke hearts', 'dry mustard', 'black pepper', 'red wine vinegar', 'salt']"
46205,japanese,"['water', 'chili powder', 'oil', 'stuffing', 'salt', 'ghee', 'coriander powder', 'maida flour', 'ground cardamom', 'sugar', 'baking powder', 'cumin seed', 'frozen peas']"
47427,mexican,"['pepper', 'pita bread rounds', 'red bell pepper', 'olive oil', 'garlic', 'tomatoes', 'eggplant', 'salt', 'lime', 'butter', 'chopped cilantro fresh']"
40064,french,"['pepper', 'grated GruyГЁre cheese', 'heavy cream', 'salt', 'potatoes']"
9010,japanese,"['fresh ginger', 'vegetable broth', 'sake', 'green onions', 'carrots', 'udon', 'red miso', 'silken tofu', 'button mushrooms']"
18611,mexican,"['cooked chicken', 'cilantro leaves', 'fresh lime juice', 'whole peeled tomatoes', 'coarse salt', 'sour cream', 'canola oil', 'jalapeno chilies', 'garlic', 'corn tortillas', 'shredded Monterey Jack cheese', 'pickled jalapenos', 'chili powder', 'freshly ground pepper', 'onions']"
35124,italian,"['hot red pepper flakes', 'broccoli rabe', 'whole milk', 'garlic cloves', 'black pepper', 'parmigiano reggiano cheese', 'all-purpose flour', 'sausage casings', 'olive oil', 'large eggs', 'dry bread crumbs', 'fontina', 'unsalted butter', 'salt']"
45605,filipino,"['sesame oil', 'cucumber', 'sugar', 'purple onion', 'fish sauce', 'thai chile', 'peppercorns', 'vinegar', 'salt']"
16334,southern_us,"['dry white wine', 'corn starch', 'herbs', 'refrigerated piecrusts', 'cream of chicken soup', 'cooked chicken', 'frozen peas and carrots', 'low sodium chicken broth', 'buttermilk']"
32035,italian,"['pasta sauce', 'fresh parmesan cheese', 'olive oil flavored cooking spray', 'frozen chopped spinach', 'large egg whites', 'part-skim ricotta cheese', 'pepper', 'large eggs', 'italian seasoning', 'manicotti shells', 'part-skim mozzarella cheese', 'salt']"
16810,italian,"['vegetable oil cooking spray', 'dry white wine', 'sliced mushrooms', 'fettucine', 'olive oil', 'fresh oregano', 'onions', 'fresh basil', 'parmesan cheese', 'corn starch', 'large shrimp', 'tomatoes', 'chicken bouillon', 'garlic', 'flat leaf parsley']"
3641,chinese,"['soy sauce', 'egg whites', 'red wine vinegar', 'peanut oil', 'chicken stock', 'peanuts', 'chicken breasts', 'chili paste with garlic', 'fresh ginger', 'green onions', 'red pepper flakes', 'corn starch', 'sugar', 'fresh veget', 'sesame oil', 'rice vinegar']"
43374,mexican,"['taco sauce', 'milk', 'guacamole', 'garlic', 'water', 'salsa verde', 'shredded cabbage', 'dried oregano', 'kosher salt', 'sweet onion', 'condiments', 'cayenne pepper', 'avocado', 'pork shoulder roast', 'tortillas', 'chili powder', 'cumin']"
9112,indian,"['rose petals', 'almonds', 'rice', 'sugar', 'whole milk', 'pistachios', 'saffron']"
14970,korean,"['soy sauce', 'ginger', 'canola oil', 'flour', 'rice vinegar', 'honey', 'garlic', 'chicken wings', 'sesame oil', 'corn starch']"
41396,mexican,"['chicken stock', 'drumstick', 'ground black pepper', 'chopped cilantro', 'green chile', 'peeled tomatoes', 'salt', 'chicken', 'chiles', 'olive oil', 'adobo sauce', 'yellow corn meal', 'chipotle chile', 'ancho powder', 'chipotle chile powder']"
4748,mexican,"['cheddar cheese', 'taco seasoning mix', 'salt', 'Old El Paso Flour Tortillas', 'cranberry sauce', 'fresh cilantro', 'Sriracha', 'beer', 'avocado', 'soy sauce', 'olive oil', 'chili sauce', 'brown sugar', 'lime', 'jalapeno chilies', 'beef rib short']"
41833,japanese,"['miso paste', 'water', 'seaweed', 'tofu', 'green onions', 'dashi']"
18031,greek,"['fresh dill', 'yoghurt', 'salt', 'myzithra', 'large eggs', 'cheese', 'feta cheese', 'phyllo', 'kefalotyri', 'ground black pepper', 'extra-virgin olive oil', 'onions']"
29734,mexican,"['sea salt', 'chopped cilantro', 'black-eyed peas', 'purple onion', 'shredded Monterey Jack cheese', 'lime', 'garlic', 'canola oil', 'Sriracha', 'tortilla chips']"
26415,southern_us,"['buttermilk', 'okra', 'large eggs', 'all-purpose flour', 'salt', 'cracker crumbs', 'peanut oil']"
29801,chinese,"['Philadelphia Cream Cheese', 'powdered sugar', 'oil', 'crab meat', 'salt', 'wonton wrappers']"
24351,british,"['savoy cabbage', 'salt', 'unsalted butter', 'baking potatoes', 'black pepper']"
8480,japanese,"['sake', 'sesame oil', 'boneless chicken thighs', 'peanut oil', 'soy sauce', 'vegetable oil', 'potato starch', 'fresh ginger']"
27023,italian,"['cream of tartar', 'pistachio nuts', 'salt', 'orange liqueur', 'eggs', 'vanilla extract', 'heavy whipping cream', 'semi-sweet chocolate morsels', 'water', 'cake flour', 'confectioners sugar', 'ground cinnamon', 'ricotta cheese', 'cream cheese', 'white sugar']"
10425,mexican,"['tomatoes', 'coarse salt', 'water', 'white onion', 'serrano', 'fresh cilantro']"
37188,irish,"['steel-cut oats', 'salt', 'ground cinnamon', 'water', 'hazelnuts', 'hazelnut oil', 'brown sugar', 'sweet cherries']"
24338,greek,"['olive oil', 'salt', 'hamburger buns', 'paprika', 'chopped fresh mint', 'ground cinnamon', 'balsamic vinegar', 'feta cheese crumbles', 'baby spinach leaves', 'purple onion', 'ground lamb']"
3457,cajun_creole,"['chopped celery', 'fire roasted diced tomatoes', 'andouille sausage', 'sweet pepper', 'red kidnei beans, rins and drain']"
1355,japanese,"['gari', 'rice vinegar', 'wasabi paste', 'black sesame seeds', 'scallions', 'Japanese soy sauce', 'fresh salmon', 'sugar', 'ginger', 'garlic cloves']"
40738,italian,"['dried porcini mushrooms', 'chopped fresh thyme', 'beef rib short', 'tomato paste', 'kosher salt', 'dry red wine', 'hot water', 'black pepper', 'fat free less sodium beef broth', 'garlic cloves', 'cremini mushrooms', 'olive oil', 'all-purpose flour', 'onions']"
42380,southern_us,"['creole mustard', 'minced garlic', 'green tomatoes', 'creole seasoning', 'canola oil', 'mayonaise', 'prepared horseradish', 'paprika', 'shrimp', 'celery salt', 'water', 'buttermilk', 'lemon juice', 'shrimp and crab boil seasoning', 'shallots', 'salt', 'medium shrimp']"
16857,southern_us,"['turnip greens', 'vegetable oil', 'fresh lemon juice', 'black peppercorns', 'butternut squash', 'apples', 'kosher salt', 'buttermilk', 'country ham', 'shallots', 'extra-virgin olive oil']"
2923,southern_us,"['vegetable oil', 'frozen edamame beans', 'onions', 'whole kernel corn, drain', 'seasoning salt']"
7528,italian,"['pitted kalamata olives', 'grated parmesan cheese', 'penne pasta', 'cauliflower', 'olive oil', 'crushed red pepper', 'pepper', 'garlic', 'fresh parsley', 'capers', 'whole peeled tomatoes', 'salt']"
15990,indian,"['strong white bread flour', 'salted butter', 'sunflower oil', 'warm water', 'yoghurt', 'kalonji', 'sugar', 'instant yeast', 'garlic', 'fresh coriander', 'sea salt']"
27615,chinese,"['water', 'chicken breasts', 'oyster sauce', 'soy sauce', 'egg whites', 'garlic', 'cooked white rice', 'kosher salt', 'mixed mushrooms', 'sauce', 'wood ear mushrooms', 'chinese rice wine', 'vegetables', 'sesame oil', 'corn starch']"
26061,japanese,"['hoisin sauce', 'corn starch', 'green onions', 'extra firm tofu', 'oil']"
23053,mexican,"['quinoa', 'salt', 'oil', 'black beans', 'jalapeno chilies', 'taco seasoning', 'chicken broth', 'bell pepper', 'salsa', 'onions', 'minced garlic', 'boneless skinless chicken breasts', 'shredded cheese']"
5090,mexican,"['jalapeno chilies', 'fresh lime juice', 'tomatillos', 'coarse salt', 'fresh cilantro', 'purple onion']"
36862,french,"['eau de vie', 'leaves', 'cane sugar', 'pinenuts', 'golden raisins', 'baking apples', 'large eggs', 'ground cinnamon', 'parmesan cheese', 'salt']"
873,mexican,"['salt and ground black pepper', 'purple onion', 'jalapeno chilies', 'plum tomatoes', 'garlic powder', 'chopped cilantro fresh', 'lime', 'garlic', 'ground cumin']"
23726,mexican,"['lime juice', 'sliced black olives', 'chili powder', 'sour cream', 'cheddar cheese', 'chopped green chilies', 'green onions', 'butter', 'water', 'garlic powder', 'boneless skinless chicken breasts', 'enchilada sauce', 'condensed cream of chicken soup', 'taco seasoning mix', 'flour tortillas', 'onion powder', 'onions']"
48576,irish,"['pepper', 'potatoes', 'butter', 'salt', 'onions', 'tomato paste', 'olive oil', 'beef stock', 'diced tomatoes', 'carrots', 'sugar', 'baking soda', 'baking powder', 'rosemary leaves', 'lean steak', 'water', 'flour', 'buttermilk', 'Guinness Lager', 'dried rosemary']"
25118,chinese,"['water', 'wonton wrappers', 'garlic cloves', 'water chestnuts, drained and chopped', 'peeled fresh ginger', 'chinese cabbage', 'low sodium soy sauce', 'cooking spray', 'dipping sauces', 'lean ground pork', 'green onions', 'dark sesame oil']"
17586,mexican,"['pico de gallo', 'cheese slices', 'refried beans', 'chorizo', 'french bread']"
22678,greek,"['pepper', 'dried mint flakes', 'salt', 'dried oregano', 'tomatoes', 'ground black pepper', 'garlic', 'dried dillweed', 'olive oil', 'red wine', 'lamb', 'plain yogurt', 'pita bread rounds', 'purple onion', 'cucumber']"
428,korean,"['sesame oil', 'water', 'soy sauce', 'kale']"
6745,mexican,"['water', 'Mexican beer', 'corn tortillas', 'chipotle chile', 'lime wedges', 'salsa', 'canola oil', 'boneless beef short ribs', 'garlic', 'chopped cilantro', 'white onion', 'guajillo', 'yellow onion', 'ground cumin']"
31009,spanish,"['saffron threads', 'ground black pepper', 'dry bread crumbs', 'fresh lemon juice', 'water', 'crushed red pepper', 'chopped onion', 'ground cumin', 'fresh spinach', 'dry sherry', 'chickpeas', 'fresh parsley', 'olive oil', 'salt', 'garlic cloves']"
20983,italian,"['swiss chard', 'diced tomatoes', 'chopped onion', 'pepper', 'banana squash', 'garlic', 'italian seasoning', 'grated parmesan cheese', 'vegetable broth', 'bay leaf', 'olive oil', 'cannellini beans', 'salt']"
19572,southern_us,"['shortening', 'butter', 'honey', 'salt', 'milk', 'buttermilk', 'eggs', 'baking powder', 'all-purpose flour']"
15273,italian,"['ground black pepper', 'fresh parsley', 'fat free less sodium chicken broth', 'salt', 'capers', 'balsamic vinegar', 'boneless skinless chicken breast halves', 'olive oil', 'fresh lemon juice']"
14198,mexican,"['pepper', 'salt', 'jalapeno chilies', 'canola oil']"
18643,french,"['2% reduced-fat milk', 'corn starch', 'eggs', 'maple syrup', 'sugar', 'margarine', 'vanilla extract']"
17816,mexican,"['Franks Hot Sauce', 'salt', 'shredded cheddar cheese', 'chicken', 'pepper', 'sour cream', 'black beans', 'green onions']"
46893,french,"['heavy cream', 'pears', 'unsalted butter', 'sour cream', 'sugar', 'confectioners sugar', 'light pancake syrup', 'puff pastry']"
1110,filipino,"['fish sauce', 'apple cider vinegar', 'fat', 'mushroom powder', 'salt', 'water', 'garlic', 'bone in chicken thighs', 'black peppercorns', 'fresh bay leaves', 'coconut aminos']"
21375,mexican,"['black beans', 'flour tortillas', 'diced tomatoes', 'fresh cilantro', 'chili powder', 'red bell pepper', 'cooked rice', 'olive oil', 'sea salt', 'onions', 'lime juice', 'jalapeno chilies', 'garlic cloves']"
42833,mexican,"['cilantro', 'enchilada sauce', 'taco seasoning mix', 'skinless chicken breasts', 'tomatoes', 'garlic', 'flour tortillas', 'shredded cheese']"
5328,italian,"['light sour cream', 'ground black pepper', 'pecorino romano cheese', 'large egg whites', 'large eggs', 'salt', 'olive oil', 'mushrooms', 'fava beans', 'finely chopped fresh parsley', 'fresh tarragon']"
17188,mexican,"['pepper', 'green onions', 'cilantro leaves', 'canola oil', 'kidney beans', 'purple onion', 'whole kernel corn, drain', 'lime', 'yellow bell pepper', 'chickpeas', 'black beans', 'orzo pasta', 'salt', 'red bell pepper']"
19622,southern_us,"['pork', 'dri leav thyme', 'garlic', 'water', 'onions', 'white vinegar', 'salt']"
26498,italian,"['salt', 'granulated sugar', 'eggs', 'grated lemon zest', 'cake flour']"
27140,japanese,"['wasabi', 'soy sauce', 'seaweed', 'jumbo shrimp', 'salt', 'red bell pepper', 'avocado', 'sticky rice', 'cucumber', 'sugar', 'rice vinegar', 'white sesame seeds']"
32353,italian,"['chopped almonds', 'dried oregano', 'dried basil', 'broccoli', 'grated parmesan cheese', 'dry bread crumbs', 'pepper', 'salt']"
37070,mexican,"['boneless skinless chicken breasts', 'chopped cilantro fresh', 'seasoning', 'vegetable oil', 'baby arugula', 'tequila', 'lime', 'margarita mix']"
2298,mexican,"['garlic powder', 'crushed red pepper', 'black pepper', 'paprika', 'cumin', 'chili powder', 'salt', 'onion powder', 'dried oregano']"
15291,southern_us,"['large eggs', 'salt', 'sugar', 'crust', 'grits', 'water', 'vanilla extract', 'pecan halves', 'butter', 'corn syrup']"
8274,southern_us,"['melted butter', 'superfine sugar', 'buttermilk', 'fresh lime juice', 'sugar', 'unsalted butter', 'all-purpose flour', 'blackberries', 'shortening', 'baking soda', 'sea salt', 'whiskey', 'luke warm water', 'active dry yeast', 'baking powder', 'fresh mint']"
23521,italian,"['potatoes', 'eggs', 'all-purpose flour', 'self rising flour']"
28342,jamaican,"['black pepper', 'apple cider vinegar', 'garlic', 'brown sugar', 'jamaican jerk season', 'red pepper flakes', 'salt', 'olive oil', 'butter', 'purple onion', 'pineapple preserves', 'shallots', 'chicken drumsticks', 'red bell pepper']"
8791,italian,"['eggplant', 'fresh basil leaves', 'cooking spray', 'chicken', 'pitas', 'plum tomatoes', 'goat cheese']"
242,korean,"['romaine lettuce', 'sesame seeds', 'gingerroot', 'soy sauce', 'sesame oil', 'cooked white rice', 'sugar', 'mirin', 'garlic cloves', 'rib eye steaks', 'black pepper', 'hot bean paste', 'onions']"
15347,southern_us,"['ground black pepper', 'okra', 'canola oil', 'tomatoes', 'yellow onion', 'garlic cloves', 'sea salt', 'ground coriander', 'ground cumin', 'water', 'cayenne pepper', 'flat leaf parsley']"
20981,indian,"['garbanzo beans', 'sea salt', 'medjool date', 'cumin', 'tumeric', 'shallots', 'cayenne pepper', 'coriander', 'diced bell pepper', 'potatoes', 'garlic', 'chopped cilantro', 'cream', 'lemon', 'smoked paprika', 'frozen peas']"
39391,italian,"['ground black pepper', 'reduced fat milk', 'smoked trout', 'large egg whites', 'large eggs', 'salt', 'fresh dill', 'parmigiano reggiano cheese', 'green onions', 'asparagus', 'cooking spray', 'canola oil']"
23147,indian,"['tumeric', 'fresh coriander', 'paprika', 'garlic puree', 'ghee', 'green cardamom pods', 'white onion', 'chicken breasts', 'salt', 'cinnamon sticks', 'sugar', 'fenugreek', 'ginger', 'garlic cloves', 'ground cumin', 'tomato purГ©e', 'pepper', 'lemon', 'green chilies', 'coconut milk']"
44020,mexican,"['pickled jalapeno peppers', 'water', 'romaine lettuce leaves', 'corn tortillas', 'crema mexicana', 'corn oil', 'garlic cloves', 'chile sauce', 'red potato', 'radishes', 'fine sea salt', 'chicken thighs', 'white onion', 'queso fresco', 'carrots']"
3245,korean,"['white vinegar', 'reduced sodium soy sauce', 'kosher salt', 'toasted sesame oil', 'fresh spinach', 'garlic cloves', 'ground black pepper']"
40403,southern_us,"['baking powder', 'milk', 'salt', 'flour', 'sugar', 'vegetable shortening']"
33603,vietnamese,"['lime', 'cilantro', 'glass noodles', 'Boston lettuce', 'mirin', 'persian cucumber', 'avocado', 'thai basil', 'peanut butter', 'rice paper', 'soy sauce', 'Sriracha', 'carrots']"
19691,korean,"['Korean chile flakes', 'fresh lemon juice', 'pepper', 'kosher salt', 'celery', 'peanut oil']"
6862,indian,"['tomatoes', 'red chile powder', 'boneless chicken breast', 'butter', 'green chilies', 'cashew nuts', 'garlic paste', 'mace', 'yoghurt', 'salt', 'lemon juice', 'ground cumin', 'black peppercorns', 'honey', 'kashmiri chile', 'kasuri methi', 'mustard oil', 'ginger paste', 'clove', 'cream', 'garam masala', 'cinnamon', 'tomato ketchup', 'coriander']"
20123,southern_us,"['salt', 'pecan pie', 'sweetened condensed milk', 'chocolate morsels', 'vanilla extract']"
22712,mexican,"['olive oil', 'scallions', 'chili powder', 'ground pepper', 'fresh lime juice', 'black beans', 'coarse salt']"
31428,mexican,"['tostada shells', 'jalapeno chilies', 'grouper', 'chopped cilantro fresh', 'low-fat sour cream', 'olive oil', 'chili powder', 'fresh lime juice', 'sliced green onions', 'corn kernels', 'cooking spray', 'red bell pepper', 'plum tomatoes', 'romaine lettuce', 'ground black pepper', 'salt', 'onions', 'ground cumin']"
9373,italian,"['large egg whites', 'oil', 'kosher salt', 'ground black pepper', 'cream of tartar', 'olive oil', 'fresh parsley', 'ricotta salata', 'green onions']"
7666,italian,"['unsalted butter', 'pecorino cheese', 'grana padano', 'pasta', 'cracked black pepper', 'kosher salt']"
40617,korean,"['vegetable oil', 'salt', 'green bell pepper', 'red bell pepper', 'large eggs']"
26676,thai,"['kaffir lime leaves', 'corn', 'jalapeno chilies', 'soba noodles', 'galangal', 'sugar', 'green curry paste', 'button mushrooms', 'shrimp', 'bamboo shoots', 'fish sauce', 'lime', 'basil', 'garlic chili sauce', 'onions', 'chicken broth', 'lemongrass', 'shiitake', 'ginger', 'coconut milk']"
38067,southern_us,"['self rising flour', 'butter', 'eggs', 'vegetable oil', 'chopped nuts', 'bourbon whiskey', 'vanilla extract', 'sugar', 'almond extract']"
14778,chinese,"['eggs', 'honey', 'sesame oil', 'corn starch', 'minced garlic', 'boneless skinless chicken breasts', 'rice vinegar', 'ketchup', 'flour', 'salt', 'canola oil', 'cold water', 'water', 'baking powder', 'oil']"
636,french,"['golden brown sugar', 'eggs', 'whole milk ricotta cheese', 'rhubarb', 'frozen pastry puff sheets', 'powdered sugar']"
35408,greek,"['garbanzo beans', 'liquid', 'black pepper', 'garlic', 'tahini', 'lemon juice', 'olive oil', 'salt']"
22658,southern_us,"['green bell pepper', 'water', 'all-purpose flour', 'medium shrimp', 'store bought low sodium chicken stock', 'bacon', 'fresh lemon juice', 'safflower oil', 'coarse salt', 'garlic cloves', 'grits', 'cheddar cheese', 'unsalted butter', 'freshly ground pepper', 'onions']"
44866,mexican,"['fresh cilantro', 'onions', 'fresh lime juice', 'avocado', 'chipotles in adobo', 'salt', 'ground cumin']"
18389,indian,"['clove', 'cilantro leaves', 'ghee', 'cinnamon', 'jeera', 'water', 'cardamom', 'basmati rice', 'salt', 'bay leaf']"
40014,southern_us,"['black pepper', 'granulated sugar', 'buttermilk', 'baking soda', 'baking powder', 'salt', 'seasoning salt', 'whole milk', 'cake flour', 'unsalted butter', 'breakfast sausages', 'all-purpose flour']"
20863,mexican,"['guacamole', 'monterey jack', 'crema', 'salsa', 'tortillas', 'shrimp']"
35041,japanese,"['mirin', 'sugar', 'salmon steaks', 'soy sauce']"
30649,british,"['milk', 'buttermilk', 'sugar', 'unsalted butter', 'jam', 'eggs', 'baking soda', 'salt', 'dried currants', 'butter', 'all-purpose flour']"
14351,japanese,"['plain flour', 'karashi', 'spring onions', 'tomato ketchup', 'panko breadcrumbs', 'sake', 'fresh ginger root', 'salt', 'garlic cloves', 'dark soy sauce', 'vegetables', 'worcestershire sauce', 'free range egg', 'sugar', 'mirin', 'chinese cabbage', 'steak']"
14146,mexican,"['shredded cheddar cheese', 'chopped cilantro', 'salsa', 'green bell pepper', 'boneless pork loin', 'flour tortillas']"
48911,filipino,"['water', 'jicama', 'carrots', 'bamboo shoots', 'egg roll wrappers', 'garlic', 'beansprouts', 'ground black pepper', 'vegetable oil', 'green beans', 'soy sauce', 'water chestnuts', 'diced celery', 'onions']"
4252,mexican,"['kidney beans', 'shredded sharp cheddar cheese', 'chili powder', 'dinner rolls', 'vegetable oil', 'garlic powder', 'ground beef']"
46135,mexican,"['avocado', 'salt', 'sour cream', 'tomatillos', 'cactus pad', 'ground cumin', 'jalapeno chilies', 'cilantro leaves', 'fresh lime juice', 'purple onion', 'red bell pepper']"
20668,indian,"['red chili peppers', 'vegetable oil', 'cumin seed', 'ground pepper', 'fenugreek seeds', 'ground turmeric', 'cauliflower flowerets', 'salt', 'boiling potatoes', 'fennel seeds', 'garam masala', 'ground coriander']"
4009,mexican,"['cherry tomatoes', 'baby spinach', 'sour cream', 'flour tortillas', 'goat cheese', 'tuna steaks', 'freshly ground pepper', 'olive oil', 'salt']"
40466,indian,"['chicken thighs', 'vegetable oil', 'yoghurt', 'spices']"
32480,greek,"['dry red wine', 'cinnamon sticks', 'Turkish bay leaves', 'fresh oregano', 'red wine vinegar', 'garlic cloves', 'octopuses', 'extra-virgin olive oil', 'onions']"
8223,italian,"['green bell pepper', 'garlic', 'shredded mozzarella cheese', 'vidalia onion', 'marinara sauce', 'baby carrots', 'pepper', 'salt', 'smoked gouda', 'baby spinach leaves', 'shredded sharp cheddar cheese', 'small red potato']"
4114,mexican,"['tostada shells', 'shredded lettuce', 'avocado', 'jalapeno chilies', 'tuna', 'tomatoes', 'fat-free refried beans', 'low-fat milk', 'fresh lime', 'salsa']"
3605,chinese,"['honey', 'ginger', 'whiskey', 'chicken wings', 'green onions', 'green chilies', 'hoisin sauce', 'garlic', 'soy sauce', 'sesame oil', 'chinese five-spice powder']"
41363,cajun_creole,"['chicken stock', 'kosher salt', 'unsalted butter', 'scallions', 'canola oil', 'andouille sausage', 'dried thyme', 'yellow onion', 'celery', 'green bell pepper', 'dried basil', 'flour', 'ground white pepper', 'boneless chicken skinless thigh', 'ground black pepper', 'cayenne pepper', 'cooked white rice']"
23437,italian,"['BertolliВ® Classico Olive Oil', 'boneless skinless chicken breast halves', 'eggs', 'linguine', 'chicken broth', 'bacon, crisp-cooked and crumbled', 'bertolli vineyard premium collect marinara with burgundi wine sauc', 'bread crumb fresh', 'shredded mozzarella cheese']"
9291,mexican,"['lime wedges', 'powdered sugar', 'orange liqueur', 'tequila', 'margarita salt', 'fresh lime juice']"
45423,italian,"['(    oz.) tomato sauce', 'ground veal', 'sliced mushrooms', 'italian seasoning mix', 'finely chopped onion', 'dry bread crumbs', 'spaghetti', 'beef', 'diced tomatoes', 'fresh basil leaves', 'parmesan cheese', 'large eggs', 'fat skimmed chicken broth']"
31462,italian,"['solid pack pumpkin', 'dry white wine', 'corn starch', 'ground nutmeg', 'white rice', 'chicken broth', 'grated parmesan cheese', 'salt', 'ground pepper', 'butter', 'onions']"
45412,italian,"['fresh rosemary', 'fresh thyme leaves', 'flat leaf parsley', 'olive oil', 'baby carrots', 'kosher salt', 'balsamic vinegar', 'onions', 'ground black pepper', 'small red potato']"
33048,chinese,"['black pepper', 'whole grain thin spaghetti', 'scallions', 'red bell pepper', 'baby bok choy', 'shiitake', 'grapeseed oil', 'oyster sauce', 'chicken broth', 'fresh ginger', 'sesame oil', 'organic sugar', 'onions', 'soy sauce', 'boneless chicken breast', 'rice vinegar', 'corn starch']"
42879,italian,"['pistachios', 'salt', 'dried cherry', 'butter', 'large eggs', 'vanilla extract', 'sugar', 'baking powder', 'all-purpose flour']"
6164,thai,"['water', 'green onions', 'galangal', 'fish sauce', 'peanuts', 'thai chile', 'chopped cilantro fresh', 'kaffir lime leaves', 'lemongrass', 'lime wedges', 'medium shrimp', 'straw mushrooms', 'chili paste', 'fresh lime juice']"
37704,southern_us,"['green bell pepper', 'kidney beans', 'extra-virgin olive oil', 'vidalia', 'ground black pepper', 'salt', 'sugar', 'sherry vinegar', 'garlic', 'haricots verts', 'sweet onion', 'wax beans']"
29489,italian,"['pepper', 'garlic', 'eggs', 'grated parmesan cheese', 'fresh parsley', 'prosciutto', 'salt', 'romano cheese', 'ricotta cheese']"
6115,mexican,"['chicken broth', 'dried basil', 'salt', 'cooked shrimp', 'ground cumin', 'sugar', 'diced tomatoes', 'crabmeat', 'dried oregano', 'green chile', 'flour tortillas', 'all-purpose flour', 'onions', 'pepper', 'garlic', 'sour cream', 'shredded Monterey Jack cheese']"
9829,filipino,"['sugar', 'fresh cilantro', 'hoisin sauce', 'butter', 'crushed red pepper flakes', 'strawberries', 'ground coriander', 'red bell pepper', 'adobo sauce', 'green peppercorns', 'kosher salt', 'salted butter', 'chives', 'sea salt', 'extra-virgin olive oil', 'taco seasoning', 'pork loin chops', 'chipotle peppers', 'chorizo sausage', 'blueberri preserv', 'orange', 'ground black pepper', 'balsamic vinegar', 'basil', 'garlic', 'filet', 'thyme leaves', 'chipotles in adobo', 'unsweetened cocoa powder', 'black pepper', 'honey', 'boneless skinless chicken breasts', 'heavy cream', 'cracked black pepper', 'coffee beans', 'garlic cloves', 'steak', 'onions']"
36254,indian,"['tumeric', 'vegan margarine', 'cardamom pods', 'onions', 'coriander seeds', 'raisins', 'carrots', 'cashew nuts', 'fresh cilantro', 'chili powder', 'garlic cloves', 'frozen peas', 'clove', 'quinoa', 'vegetable broth', 'cinnamon sticks', 'ground cumin']"
23839,filipino,"['soy sauce', 'bay leaves', 'pork shoulder', 'water', 'salt', 'chicken', 'pepper', 'garlic', 'onions', 'vinegar', 'oil']"
40283,italian,"['kosher salt', 'butter', 'garlic', 'dry white wine', 'extra-virgin olive oil', 'parsley leaves', 'lemon', 'shrimp', 'black pepper', 'shallots', 'linguine']"
11108,italian,"['water', 'fresh lemon juice', 'fresh raspberries', 'sugar']"
42685,mexican,"['frozen whole kernel corn', 'wish bone guacamol ranch dress', 'black beans', 'purple onion', 'grape tomatoes', 'jalapeno chilies', 'chopped cilantro fresh', 'lime juice', 'torn romain lettuc leav']"
23629,mexican,"['eggs', 'russet potatoes', 'mexican chorizo', 'black beans', 'salsa', 'canola oil', 'colby cheese', 'black olives', 'sour cream', 'avocado', 'half & half', 'goat cheese']"
36565,italian,"['dry vermouth', 'flour', 'salt', 'canned low sodium chicken broth', 'ground black pepper', 'garlic', 'pinenuts', 'butter', 'chicken livers', 'olive oil', 'raisins', 'flat leaf parsley']"
42083,indian,"['chicken stock', 'cilantro leaves', 'onions', 'quinoa', 'roasted salted cashews', 'chopped tomatoes', 'skinless chicken breasts', 'sunflower oil', 'curry paste']"
26032,indian,"['cream', 'baby spinach', 'ghee', 'tumeric', 'fresh lemon', 'fine sea salt', 'toasted sesame seeds', 'fresh ginger', 'buttermilk', 'onions', 'plain yogurt', 'spices', 'garlic cloves', 'paneer cheese']"
19811,thai,"['garlic paste', 'flour tortillas', 'carrots', 'canola oil', 'lemon grass', 'roasted peanuts', 'toasted sesame oil', 'boneless chicken skinless thigh', 'seasoned rice wine vinegar', 'Thai fish sauce', 'light brown muscavado sugar', 'granulated sugar', 'english cucumber', 'coriander']"
30382,vietnamese,"['chili paste', 'fish sauce', 'garlic cloves', 'sugar', 'fresh lime juice', 'warm water']"
49175,cajun_creole,"['collard greens', 'butter', 'fillets', 'parsley', 'white wine vinegar', 'cajun seasoning', 'yellow onion', 'cheddar cheese', 'garlic', 'grits']"
41668,mexican,"['black pepper', 'low sodium chicken broth', 'salt', 'ground cumin', 'avocado', 'hominy', 'diced tomatoes', 'oregano', 'boneless center cut pork chops', 'radishes', 'garlic', 'canola oil', 'celery ribs', 'lime', 'chili powder', 'chopped onion']"
9206,mexican,"['pepper', 'salt', 'pork tenderloin', 'salsa']"
7322,southern_us,"['shell-on shrimp', 'salt', 'chipotle chile', 'worcestershire sauce', 'unsalted butter', 'dry red wine', 'large garlic cloves']"
23637,chinese,"['fish sauce', 'steamed white rice', 'scallions', 'minced garlic', 'vegetable oil', 'caramel sauce', 'chili pepper', 'shallots', 'corn starch', 'chicken stock', 'fresh ginger', 'boneless skinless chicken']"
43650,italian,"['seasoned bread crumbs', 'grated parmesan cheese', 'salt', 'fresh parsley', 'chicken broth', 'minced garlic', 'half & half', 'shredded mozzarella cheese', 'frozen chopped spinach', 'pepper', 'flour', 'penne pasta', 'black pepper', 'large eggs', 'butter', 'ground beef']"
45593,korean,"['bean threads', 'sesame seeds', 'carrots', 'safflower oil', 'mushrooms', 'onions', 'sugar', 'cayenne', 'toasted sesame oil', 'reduced sodium tamari', 'black pepper', 'baby spinach', 'chopped garlic']"
38706,french,"['saffron threads', 'red wine vinegar', 'large shrimp', 'mayonaise', 'garlic cloves', 'capers', 'cayenne pepper', 'roasted red peppers', 'sourdough baguette']"
38433,chinese,"['fennel seeds', 'liquorice', 'ginger', 'green cardamom', 'cinnamon sticks', 'water', 'szechwan peppercorns', 'garlic', 'scallions', 'beef', 'chinese black bean', 'cooking wine', 'dried chile', 'rock sugar', 'bean paste', 'star anise', 'brown cardamom', 'bay leaf']"
47826,british,"['pepper', 'garlic cloves', 'onions', 'salt', 'leg of lamb', 'pearl barley', 'celery', 'parsley', 'carrots']"
7171,indian,"['red kidney beans', 'bay leaves', 'salt', 'ground cumin', 'garam masala', 'ginger', 'onions', 'coriander powder', 'garlic', 'ground turmeric', 'tomatoes', 'chili powder', 'oil']"
18231,chinese,"['chicken stock', 'water', 'cornflour', 'fillets', 'soy sauce', 'spring onions', 'white wine vinegar', 'bamboo shoots', 'eggs', 'fresh ginger root', 'garlic', 'chillies', 'fresh coriander', 'sesame oil', 'fresh mushrooms']"
34385,korean,"['daikon', 'red radishes', 'green onions', 'ginger', 'chili flakes', 'sea salt', 'carrots', 'napa cabbage', 'garlic cloves']"
12340,chinese,"['eggs', 'water', 'flour', 'corn starch', 'sugar', 'sesame seeds', 'vegetable oil', 'granulated garlic', 'milk', 'chicken breasts', 'toasted sesame oil', 'chicken broth', 'soy sauce', 'vinegar', 'salt']"
33221,indian,"['cauliflower', 'pepper', 'lemon', 'green chilies', 'ground cumin', 'garlic paste', 'chili powder', 'salt', 'carrots', 'tomatoes', 'capsicum', 'kasuri methi', 'cumin seed', 'beans', 'butter', 'cilantro leaves', 'onions']"
43228,italian,"['jack cheese', 'vegetables', 'dry white wine', 'lemon juice', 'arborio rice', 'olive oil', 'unsalted butter', 'ricotta', 'pepper', 'asparagus', 'yellow onion', 'frozen peas', 'reduced sodium chicken broth', 'prosciutto', 'salt', 'chopped fresh mint']"
3416,italian,"['sugar', 'linguine', 'boneless skinless chicken breast halves', 'balsamic vinegar', 'oil', 'fresh basil', 'large garlic cloves', 'low salt chicken broth', 'olive oil', 'purple onion']"
23636,chinese,"['chili oil', 'mung bean sprouts', 'light soy sauce', 'sesame paste', 'noodles', 'red chili peppers', 'peanut oil', 'ground beef', 'szechwan peppercorns', 'pickled vegetables']"
22822,indian,"['salt', 'jaggery', 'water', 'ground cardamom', 'oil', 'coconut', 'rice flour']"
801,southern_us,"['firmly packed brown sugar', 'sweet potatoes', 'margarine', 'skim milk', 'salt', 'vegetable oil cooking spray', 'vanilla extract', 'chopped pecans', 'egg whites', 'all-purpose flour']"
42007,korean,"['ground pork', 'spam', 'rice cakes', 'firm tofu', 'onions', 'water', 'Gochujang base', 'kimchi', 'green onions', 'sausages', 'chopped garlic']"
20792,vietnamese,"['oil', 'water', 'rice flour', 'tapioca starch']"
44500,indian,"['chili', 'mayonaise', 'chopped onion', 'cider vinegar', 'fresh mint', 'cilantro leaves']"
19004,japanese,"['ground pepper', 'dressing', 'sea salt', 'grapeseed oil', 'salad', 'tuna fillets']"
41301,moroccan,"['eggs', 'garbanzo beans', 'rice', 'water', 'lemon', 'onions', 'ground cinnamon', 'olive oil', 'salt', 'saffron', 'pepper', 'flour', 'fresh parsley']"
16712,moroccan,"['ground cinnamon', 'lamb neck fillets', 'tomatoes', 'chopped parsley', 'paprika']"
28250,italian,"['eggplant', 'low sodium chicken broth', 'fresh basil leaves', 'pepper', 'grated parmesan cheese', 'goat cheese', 'zucchini', 'salt', 'polenta', 'water', 'bell pepper', 'olive oil cooking spray']"
34209,indian,"['sugar', 'water', 'cauliflower florets', 'chili sauce', 'sweet chili sauce', 'maida flour', 'salt', 'oil', 'soy sauce', 'spring onions', 'garlic', 'green chilies', 'white vinegar', 'black pepper', 'ginger', 'tomato ketchup', 'corn starch']"
1667,mexican,"['Old El Pasoв„ў mild red enchilada sauce', 'Pillsburyв„ў Refrigerated Crescent Dinner Rolls', 'Mexican cheese blend', 'cooked chicken', 'refrigerated crescent rolls', 'red enchilada sauce', 'cooked chicken', 'Mexican cheese blend']"
48571,mexican,"['jumbo shrimp', 'sea scallops', 'grate lime peel', 'olive oil', 'chopped onion', 'chopped cilantro', 'bottled clam juice', 'white hominy', 'sun-dried tomatoes in oil', 'salsa verde', 'garlic cloves']"
10074,mexican,"['baking powder', 'salt', 'vegetable oil', 'warm water', 'all-purpose flour']"
43711,southern_us,"['baking soda', 'cake flour', 'baking powder', 'all-purpose flour', 'unsalted butter', 'salt', 'sugar', 'buttermilk']"
6440,chinese,"['water', 'green onions', 'corn starch', 'boneless skinless chicken breast halves', 'granulated sugar', 'unsalted dry roast peanuts', 'toasted sesame oil', 'fresh ginger', 'dry sherry', 'dried red chile peppers', 'canola oil', 'cooked brown rice', 'reduced sodium soy sauce', 'rice vinegar', 'bok choy']"
36583,cajun_creole,"['large eggs', 'sauce', 'cajun seasoning', 'shrimp', 'vegetable oil', 'fry mix', 'milk', 'yellow mustard']"
10003,french,"['jumbo shrimp', 'baguette', 'extra-virgin olive oil', 'freshly ground pepper', 'saffron threads', 'ground cloves', 'dry white wine', 'salt', 'onions', 'tomatoes', 'bottled clam juice', 'paprika', 'cayenne pepper', 'orange zest', 'mayonaise', 'fennel', 'garlic', 'fresh lemon juice']"
24738,indian,"['garlic cloves', 'diced tomatoes', 'ground cumin', 'spinach', 'greens', 'extra-virgin olive oil']"
20039,chinese,"['chicken broth', 'white wine', 'zucchini', 'salted roast peanuts', 'peanut oil', 'soy sauce', 'salt and ground black pepper', 'boneless skinless chicken breasts', 'rice vinegar', 'red bell pepper', 'white vinegar', 'ketchup', 'chili paste', 'sesame oil', 'onion tops', 'cooked white rice', 'brown sugar', 'water', 'green onions', 'garlic', 'corn starch']"
29446,southern_us,"['catfish fillets', 'garlic powder', 'lemon', 'creole seasoning', 'eggs', 'flour', 'hot sauce', 'mustard', 'cooking oil', 'paprika', 'cornmeal', 'black pepper', 'onion powder', 'cayenne pepper']"
45711,french,"['sugar', 'large egg yolks', 'grated lemon peel', 'rhubarb', 'cream', 'salt', 'ground cinnamon', 'golden brown sugar', 'all-purpose flour', 'sliced almonds', 'unsalted butter']"
45039,thai,"['fish sauce', 'hot red pepper flakes', 'cider vinegar', 'chile paste', 'granulated sugar', 'sesame oil', 'crushed red pepper', 'oyster sauce', 'coconut milk', 'grated orange', 'fresh red chili', 'natural peanut butter', 'soy sauce', 'water', 'sesame seeds', 'lemon zest', 'worcestershire sauce', 'pineapple juice', 'corn starch', 'fresh lime juice', 'white vinegar', 'brown sugar', 'sugar', 'minced garlic', 'chili', 'hoisin sauce', 'red pepper flakes', 'rice vinegar', 'lemon juice', 'toasted sesame oil', 'chicken broth', 'grated orange peel', 'ketchup', 'minced ginger', 'chili paste', 'green onions', 'white wine vinegar', 'orange juice', 'chili garlic paste', 'white sugar']"
46417,mexican,"['lime juice', 'freshly ground pepper', 'jalapeno chilies', 'tomatoes', 'salt', 'sweet onion', 'chopped cilantro fresh']"
48080,mexican,"['masa harina', 'vegetable oil', 'kosher salt', 'hot water']"
15882,french,"['dark rum', 'crГЁme fraГ®che', 'unsalted butter', 'cake flour', 'large eggs', 'salt', 'sugar', 'lemon', 'double-acting baking powder']"
49263,italian,"['black pepper', 'bacon', 'grated parmesan cheese', 'flat leaf parsley', 'kosher salt', 'linguine', 'egg yolks']"
45956,italian,"['extra-virgin olive oil', 'fresh rosemary', 'duck breast halves', 'fennel seeds', 'garlic cloves']"
40509,french,"['kalamata', 'flat leaf parsley', 'tomatoes', 'California bay leaves', 'orange zest', 'extra-virgin olive oil', 'bok choy', 'large garlic cloves', 'thyme']"
11665,greek,"['mint leaves', 'sliced almonds', 'vanilla lowfat yogurt', 'honey']"
22997,italian,"['roma tomatoes', 'pizza crust', 'goat cheese', 'pesto sauce', 'garlic', 'olive oil', 'arugula']"
44271,indian,"['ground cinnamon', 'active dry yeast', 'vegetable oil', 'ground allspice', 'warm water', 'ground nutmeg', 'salt', 'onions', 'eggs', 'olive oil', 'garlic', 'fresh parsley', 'cauliflower', 'ground cloves', 'ground black pepper', 'all-purpose flour', 'ground cumin']"
29887,filipino,"['sugar', 'water', 'shredded coconut', 'glutinous rice flour']"
1764,french,"['clove', 'potatoes', 'extra-virgin olive oil', 'turnips', 'ground nutmeg', 'bay leaves', 'celery', 'water', 'leeks', 'carrots', 'savoy cabbage', 'fresh thyme', 'sea salt', 'onions']"
40300,moroccan,"['eggplant', 'raisins', 'lentils', 'tomato sauce', 'garam masala', 'salt', 'onions', 'tumeric', 'garbanzo beans', 'vegetable broth', 'red bell pepper', 'black pepper', 'red pepper flakes', 'garlic cloves', 'chopped cilantro fresh']"
45296,indian,"['olive oil', 'garlic cloves', 'ground cinnamon', 'yellow onion', 'ground cumin', 'red potato', 'ground coriander', 'red lentils', 'vegetable stock', 'carrots']"
24365,vietnamese,"['lemongrass', 'beef', 'garlic', 'vermicelli noodles', 'fish sauce', 'peanuts', 'vegetable oil', 'cucumber', 'salad', 'pickled carrots', 'shallots', 'white radish', 'onions', 'sugar', 'leaves', 'dipping sauces', 'beansprouts']"
34996,thai,"['light soy sauce', 'dark sesame oil', 'cilantro leaves', 'honey', 'fresh lime juice', 'creamy peanut butter']"
47623,mexican,"['green onions', 'garlic', 'sour cream', 'lime juice', 'cooked chicken', 'shredded sharp cheddar cheese', 'chopped cilantro', 'flour tortillas', 'chili powder', 'salsa', 'cumin', 'cooking spray', 'onion powder', 'cream cheese, soften']"
26464,mexican,"['coconut sugar', 'lime juice', 'sea salt', 'ground cumin', 'coconut oil', 'cayenne', 'hot sauce', 'white corn tortillas', 'fresh cilantro', 'purple onion', 'ground cinnamon', 'black beans', 'jalapeno chilies', 'plantains']"
18329,filipino,"['water', 'napa cabbage', 'onions', 'fish sauce', 'egg noodles', 'salt', 'beef shank', 'garlic', 'peppercorns', 'fried garlic', 'green onions', 'oil']"
43437,italian,"['bell pepper', 'purple onion', 'fresh lemon juice', 'tomatoes', 'summer squash', 'garlic cloves', 'flat leaf parsley', 'red wine vinegar', 'ciabatta', 'juice', 'capers', 'extra-virgin olive oil', 'fresh herbs', 'grated lemon peel']"
25375,chinese,"['water', 'worcestershire sauce', 'hot sauce', 'oyster sauce', 'ketchup', 'plum sauce', 'rice vinegar', 'scallions', 'green bell pepper', 'baking soda', 'garlic', 'skinless chicken breasts', 'corn starch', 'white pepper', 'Shaoxing wine', 'all-purpose flour', 'oil']"
26631,italian,"['dough', 'cracked black pepper', 'coarse sea salt', 'lemon', 'olive oil flavored cooking spray', 'pinenuts', 'rosemary leaves']"
26172,cajun_creole,"['ground black pepper', 'hot sauce', 'celery', 'dried oregano', 'kosher salt', 'bay leaves', 'scallions', 'dried kidney beans', 'green bell pepper', 'cayenne', 'yellow onion', 'cooked white rice', 'canola oil', 'dried thyme', 'garlic', 'ground white pepper', 'smoked ham hocks']"
19747,korean,"['soy sauce', 'sesame oil', 'fresh spinach', 'sesame seeds', 'sugar', 'vinegar', 'black pepper', 'crushed garlic']"
38346,russian,"['water', 'grits', 'mozzarella cheese', 'salt']"
31903,italian,"['prosciutto', 'mushrooms', 'salt', 'grated parmesan cheese', 'red pepper flakes', 'boneless skinless chicken breast halves', 'water', 'roma tomatoes', 'garlic', 'dried oregano', 'ground black pepper', 'dry white wine', 'brie cheese']"
12099,irish,"['eggs', 'baking powder', 'wheat germ', 'granny smith apples', 'butter', 'baking soda', 'all-purpose flour', 'sugar', 'cinnamon']"
38717,vietnamese,"['avocado', 'water', 'garlic', 'boneless rib eye steaks', 'fish sauce', 'cherry tomatoes', 'freshly ground pepper', 'sugar', 'vermicelli', 'oil', 'mini cucumbers', 'lime', 'salt', 'bird chile']"
30335,japanese,"['honey', 'bamboo shoots', 'sake', 'green onions', 'boneless chicken skinless thigh', 'garlic cloves', 'low sodium soy sauce', 'zucchini']"
15171,chinese,"['water', 'sesame oil', 'ginger', 'oyster sauce', 'onions', 'soy sauce', 'hoisin sauce', 'crushed red pepper flakes', 'salt', 'red bell pepper', 'chinese rice wine', 'Sriracha', 'napa cabbage', 'garlic', 'carrots', 'noodles', 'black pepper', 'green onions', 'ground pork', 'rice vinegar', 'celery']"
31425,cajun_creole,"['oil', 'cajun seasoning', 'cornmeal', 'russet potatoes', 'corn flour', 'salt']"
36118,italian,"['cheese ravioli', 'evaporated milk', 'Italian seasoned breadcrumbs', 'eggs', 'cheese', 'parsley', 'smoked gouda']"
18190,french,"['ground cinnamon', 'baking potatoes', 'bay leaf', 'lean ground pork', 'salt', 'ground cloves', 'refrigerated piecrusts', 'onions', 'water', 'celery']"
33717,moroccan,"['reduced sodium chicken broth', 'lemon', 'chopped cilantro', 'fennel seeds', 'harissa', 'garlic cloves', 'ground cumin', 'golden raisins', 'ground coriander', 'ground lamb', 'ground cinnamon', 'vegetable oil', 'couscous']"
15460,southern_us,"['minced garlic', 'meat bones', 'water', 'diced onions', 'dried kidney beans']"
21052,brazilian,"['eggs', 'hearts of palm', 'cilantro', 'coconut cream', 'flax seed meal', 'kosher salt', 'jalapeno chilies', 'garlic', 'cream cheese, soften', 'coconut oil', 'lime juice', 'crushed red pepper flakes', 'ground coriander', 'pepper', 'chicken breasts', 'coconut flour', 'onions']"
35729,chinese,"['ground ginger', 'peanuts', 'szechwan peppercorns', 'minced garlic', 'reduced sodium soy sauce', 'chopped onion', 'sugar', 'lo mein noodles', 'slaw mix', 'pasta', 'water', 'chunky peanut butter', 'dark sesame oil']"
45841,korean,"['green bell pepper', 'peeled fresh ginger', 'rib eye steaks', 'pickles', 'garlic cloves', 'low sodium soy sauce', 'hoagie buns', 'canola oil', 'mayonaise', 'scallions']"
1182,italian,"['black pepper', 'olive oil', 'fat-free cottage cheese', 'dried oregano', 'dried basil', 'grated parmesan cheese', 'salt', 'water', 'part-skim mozzarella cheese', 'crushed red pepper', 'fresh basil', 'cherry tomatoes', 'cooking spray', 'oven-ready lasagna noodles']"
15229,italian,"['skim milk', 'margarine', 'garlic', 'freshly ground pepper', 'grated parmesan cheese', 'cream cheese', 'fettucine', 'all-purpose flour', 'fresh parsley']"
31209,italian,"['chopped fresh thyme', 'olive oil', 'radicchio', 'balsamic vinegar']"
18271,spanish,"['great northern beans', 'sweet paprika', 'andouille sausage links', 'olive oil', 'bay leaf', 'saffron threads', 'kale', 'red bell pepper', 'chicken stock', 'garlic', 'onions']"
14202,southern_us,"['tea bags', 'ground black pepper', 'chicken thighs', 'light brown sugar', 'kosher salt', 'salt', 'rosemary sprigs', 'lemon', 'ice cubes', 'sweet onion', 'garlic cloves']"
10111,italian,"['garbanzo beans', 'large garlic cloves', 'plum tomatoes', 'orzo pasta', 'fresh parsley', 'grated parmesan cheese', 'rubbed sage', 'dried rosemary', 'olive oil', 'canned beef broth', 'onions']"
1128,italian,"['kale leaves', 'chicken noodle soup', 'cannellini beans']"
37109,french,"['dijon mustard', 'extra-virgin olive oil', 'flat leaf parsley', 'water', 'green onions', 'fresh lemon juice', 'capers', 'zucchini', 'garlic cloves', 'fresh basil leaves', 'olive oil', 'Italian parsley leaves', 'green beans']"
9952,italian,"['cherry tomatoes', 'black pepper', 'salt', 'balsamic vinegar', 'mozzarella cheese', 'fresh basil leaves']"
11164,italian,"['white onion', 'italian style rolls', 'provolone cheese', 'genoa salami', 'olive oil', 'sweet pepper', 'oregano', 'pepper', 'red wine vinegar', 'boiled ham', 'tomatoes', 'capicola', 'salt', 'iceberg lettuce']"
9852,mexican,"['chicken broth', 'tortillas', 'salt', 'fresh tomatoes', 'chicken breasts', 'onions', 'table cream', 'jalapeno chilies', 'garlic cloves', 'chiles', 'grating cheese']"
45574,greek,"['kosher salt', 'garlic', 'greek yogurt', 'cracked black pepper', 'english cucumber', 'shallots', 'dill', 'white vinegar', 'extra-virgin olive oil', 'fresh lemon juice']"
22581,french,"['granulated sugar', 'vanilla', 'chocolate sauce', 'milk', 'ricotta cheese', 'all-purpose flour', 'slivered almonds', 'large eggs', 'salt', 'orange zest', 'honey', 'butter', 'orange juice']"
9082,spanish,"['quail', 'raisins', 'dry white wine', 'garlic cloves', 'fennel bulb', 'extra-virgin olive oil', 'lemongrass', 'shallots', 'cinnamon sticks']"
30985,japanese,"['stock', 'vegetable oil', 'salt', 'dashi', 'caster', 'soy sauce', 'daikon', 'shiso', 'mirin', 'extra large eggs']"
42612,italian,"['navy beans', 'jalapeno chilies', 'diced celery', 'water', 'italian salad dressing mix', 'chopped cilantro fresh', 'cider vinegar', 'diced tomatoes', 'red bell pepper', 'olive oil', 'garlic cloves', 'sliced green onions']"
38754,japanese,"['dashi kombu', 'dried bonito flakes', 'water']"
45037,greek,"['water', 'large garlic cloves', 'dried currants', 'feta cheese', 'black pepper', 'swiss chard', 'olive oil', 'salt']"
33197,japanese,"['kosher salt', 'balsamic vinegar', 'white miso', 'freshly ground pepper', 'sugar', 'vegetable oil', 'branzino fillets', 'mirin', 'mixed greens']"
13005,chinese,"['green onions', 'white sugar', 'soy sauce', 'garlic', 'vegetable oil', 'sesame seeds', 'round steaks']"
18203,mexican,"['ketchup', 'avocado', 'carbonated beverages', 'fresh cilantro', 'saltines', 'cooked shrimp']"
10210,italian,"['barbecue sauce', 'yellow onion', 'prepared pizza crust', 'boneless skinless chicken breasts', 'SargentoВ® Traditional Cut Shredded Mozzarella Cheese', 'vegetable oil']"
38581,thai,"['chicken broth', 'erythritol', 'green onions', 'red bell pepper', 'fish sauce', 'lemon grass', 'garlic', 'galangal', 'kaffir lime leaves', 'lime juice', 'shallots', 'coconut milk', 'coconut oil', 'mushrooms', 'carrots', 'chicken']"
32489,chinese,"['soy sauce', 'dry sherry', 'black bean sauce', 'garlic', 'green onions', 'firm tofu', 'olive oil', 'ground pork']"
26647,mexican,"['cider vinegar', 'salt', 'cherry tomatoes', 'avocado', 'extra-virgin olive oil', 'pepper', 'cucumber']"
34240,british,"['tomatoes', 'white wine', 'whole milk', 'ice water', 'salt', 'asparagus tips', 'nutmeg', 'fresh chives', 'zucchini', 'butter', 'artichokes', 'tuna', 'black peppercorns', 'pepper', 'spring onions', 'portabello mushroom', 'all-purpose flour', 'medium eggs', 'capers', 'water', 'watercress', 'heavy cream', 'allspice berries']"
8579,japanese,"['chives', 'short-grain rice', 'nori', 'dashi', 'fine sea salt', 'yellowtail']"
49639,mexican,"['tomatillo salsa', 'corn tortillas', 'cumin', 'avocado', 'garlic', 'onions', 'cilantro', 'pork shoulder', 'black pepper', 'salt', 'dried oregano']"
17120,mexican,"['black beans', 'olive oil', 'chili powder', 'tortilla chips', 'cheddar cheese', 'store bought low sodium chicken stock', 'chipotle', 'cilantro leaves', 'dried oregano', 'avocado', 'kosher salt', 'ground black pepper', 'garlic', 'sour cream', 'ground chicken', 'cherry tomatoes', 'jalapeno chilies', 'cayenne pepper', 'ground cumin']"
27213,southern_us,"['unsalted butter', 'fresh lemon juice', 'black pepper', 'shell-on shrimp', 'white sandwich bread', 'minced onion', 'cooked shrimp', 'cayenne', 'salt']"
18621,indian,"['coriander seeds', 'salt', 'milk', 'vegetable oil', 'boiling water', 'cauliflower', 'tamarind pulp', 'coconut cream', 'chickpea flour', 'chili powder', 'mustard seeds']"
35302,cajun_creole,"['green bell pepper', 'ground black pepper', 'worcestershire sauce', 'celery', 'tomatoes', 'water', 'cajun seasoning', 'salt', 'onions', 'chicken stock', 'louisiana hot sauce', 'boneless skinless chicken breasts', 'garlic', 'ghee', 'andouille sausage', 'bay leaves', 'white rice', 'medium shrimp']"
27648,japanese,"['sake', 'daikon', 'arame', 'white miso', 'konbu', 'water', 'scallions', 'lemon cucumber', 'Himalayan salt', 'carrots']"
17658,greek,"['ground cloves', 'eggplant', 'grated parmesan cheese', 'plain breadcrumbs', 'cinnamon sticks', 'kosher salt', 'large egg yolks', 'diced tomatoes', 'all-purpose flour', 'bay leaf', 'tomato paste', 'olive oil', 'unsalted butter', 'garlic', 'ground allspice', 'ground lamb', 'milk', 'ground black pepper', 'dry red wine', 'grated nutmeg', 'onions']"
24029,chinese,"['back bacon rashers', 'vegetable oil', 'green pepper', 'chillies', 'eggs', 'water', 'garlic', 'long-grain rice', 'red chili peppers', 'lemon', 'green chilies', 'onions', 'dark soy sauce', 'spring onions', 'salt', 'red bell pepper']"
45990,thai,"['avocado', 'Sriracha', 'cooked quinoa', 'water', 'creamy peanut butter', 'rice paper', 'romaine lettuce', 'red pepper', 'noodles', 'lime', 'gluten-free tamari']"
20692,chinese,"['chicken broth', 'green onions', 'salt', 'bok choy', 'soy sauce', 'wonton wrappers', 'fresh mushrooms', 'eggs', 'sesame oil', 'dry bread crumbs', 'snow peas', 'ground black pepper', 'ground pork', 'uncook medium shrimp, peel and devein']"
37593,cajun_creole,"['creole mustard', 'fresh parsley', 'mayonaise', 'garlic', 'horseradish', 'sliced green onions']"
46635,indian,"['fresh ginger', 'paprika', 'garlic cloves', 'fresh lemon', 'ground coriander', 'ground turmeric', 'jalapeno chilies', 'salt', 'chopped cilantro fresh', 'vegetable oil', 'catfish']"
20149,italian,"['vegetables', 'basil', 'basil pesto sauce', 'aioli', 'cooked shrimp', 'prosciutto', 'mozzarella balls', 'sun-dried tomatoes', 'salami']"
623,brazilian,"['sweetened condensed milk', 'butter', 'cocoa powder']"
12048,mexican,"['black beans', 'enchilada sauce', 'pasilla pepper', 'corn', 'Mexican cheese', 'pork', 'rice', 'roasted tomatoes', 'corn chips', 'sour cream']"
48523,chinese,"['oyster sauce', 'chopped cilantro fresh', 'chinese noodles', 'ground white pepper', 'shrimp', 'sliced green onions', 'fat skimmed chicken broth', 'toasted sesame oil']"
16797,italian,"['boneless skinless chicken breasts', 'milk', 'condensed cream of mushroom soup', 'fettuccine pasta', 'butter', 'grated parmesan cheese', 'broccoli']"
23336,french,"['leeks', 'soft fresh goat cheese', 'olive oil', 'chopped fresh sage', 'kosher salt', 'butter', 'hazelnuts', 'butternut squash', 'heavy whipping cream']"
15645,mexican,"['minced garlic', 'baking powder', 'chopped onion', 'monterey jack', 'lager beer', 'coarse salt', 'sour cream', 'safflower oil', 'unsalted butter', 'all-purpose flour', 'poblano chiles', 'corn kernels', 'lime wedges', 'freshly ground pepper']"
39904,greek,"['tomatoes', 'extra-virgin olive oil', 'juice', 'romaine lettuce', 'green pepper', 'cucumber', 'capers', 'purple onion', 'feta cheese crumbles', 'vinaigrette dressing', 'kalamata', 'lemon juice', 'dried oregano']"
35962,russian,"['water', 'dill', 'sugar', 'buttermilk', 'onions', 'red beets', 'cucumber', 'boiled eggs', 'salt']"
9138,southern_us,"['baking soda', 'butter', 'yellow corn meal', 'flour', 'salt', 'large eggs', 'buttermilk', 'sugar', 'baking powder']"
47406,irish,"['salt', 'caster sugar', 'plain flour', 'juice', 'butter']"
30250,vietnamese,"['brown sugar', 'herbs', 'rice vinegar', 'beansprouts', 'garlic paste', 'boneless chop pork', 'lettuce leaves', 'english cucumber', 'spring roll wrappers', 'warm water', 'hoisin sauce', 'creamy peanut butter', 'fish sauce', 'lime', 'garlic', 'red bell pepper']"
26545,southern_us,"['honey', 'baking powder', 'sharp cheddar cheese', 'unsalted butter', 'bacon slices', 'baking soda', 'buttermilk', 'bread flour', 'melted butter', 'chopped fresh chives', 'salt']"
13554,jamaican,"['turbinado', 'ground nutmeg', 'sea salt', 'red bell pepper', 'olive oil', 'potatoes', 'cayenne pepper', 'onions', 'fresh spinach', 'zucchini', 'garlic', 'celery', 'fresh ginger root', 'vegetable stock', 'ground allspice', 'ground turmeric']"
44562,indian,"['white vinegar', 'olive oil', 'butter', 'chicken fingers', 'chicken stock', 'garam masala', 'yellow onion', 'black pepper', 'hot pepper sauce', 'apricot preserves', 'lime zest', 'garlic powder', 'salt']"
3820,korean,"['ginger juice', 'minced garlic', 'green onions', 'soy sauce', 'sesame salt', 'chili powder', 'pepper', 'pork ribs', 'sesame oil', 'sugar', 'chili paste', 'rice wine']"
49668,italian,"['olive oil', 'grated parmesan cheese', 'frozen spinach', 'lasagne', 'passata', 'eggplant', 'mushrooms', 'pinenuts', 'roasted red peppers', 'ricotta']"
27688,italian,"['ground black pepper', 'parsley', 'fat free cream cheese', 'french bread', 'non-fat sour cream', 'green onions', 'reduced fat swiss cheese', 'grated parmesan cheese', 'garlic', 'fat-free mayonnaise']"
31969,italian,"['black pepper', 'cannellini beans', 'roasted garlic', 'seasoning', 'kale', 'extra-virgin olive oil', 'fat free less sodium chicken broth', 'diced tomatoes', 'Italian bread', 'sundried tomato paste', 'dried thyme', 'salt']"
33085,french,"['sheepвЂ™s milk cheese', 'champagne vinegar', 'dijon mustard', 'mixed greens', 'honey', 'extra-virgin olive oil', 'dried tart cherries', 'ground white pepper']"
20061,italian,"['porcini', 'fresh thyme', 'garlic cloves', 'sourdough loaf', 'crust', 'flat leaf parsley', 'duck fat', 'fine sea salt', 'squabs', 'confit', 'fresh lemon juice']"
24552,thai,"['boneless chop pork', 'palm sugar', 'shrimp', 'fish sauce', 'lime juice', 'vegetable oil', 'chopped cilantro fresh', 'soy sauce', 'unsalted roasted peanuts', 'garlic', 'wide rice noodles', 'water', 'radishes', 'beansprouts']"
27204,mexican,"['canned black beans', 'bell pepper', 'diced tomatoes', 'long-grain rice', 'diced onions', 'lime', 'spices', 'salt', 'canned corn', 'lettuce', 'water', 'boneless skinless chicken breasts', 'cilantro', 'sour cream', 'tomato paste', 'olive oil', 'butter', 'scallions']"
8304,italian,"['aged gouda', 'soppressata']"
28063,italian,"['tomato paste', 'pepper', 'dry white wine', 'garlic cloves', 'boiling water', 'black pepper', 'grated parmesan cheese', 'salt', 'boneless skinless chicken breast halves', 'dried porcini mushrooms', 'sun-dried tomatoes', 'purple onion', 'fresh parsley', 'chicken broth', 'olive oil', 'artichokes', 'fresh lemon juice']"
38473,thai,"['lime', 'green beans', 'red chili peppers', 'cilantro leaves', 'onions', 'brown sugar', 'vegetable oil', 'thai green curry paste', 'jasmine rice', 'coconut cream', 'beef steak']"
84,greek,"['olive oil', 'salt', 'chopped parsley', 'fresh rosemary', 'fresh thyme leaves', 'lemon juice', 'onions', 'minced garlic', 'yellow bell pepper', 'feta cheese crumbles', 'ground lamb', 'mint leaves', 'fat skimmed chicken broth', 'couscous']"
12152,southern_us,"['biscuits', 'lump crab meat', 'bay leaves', 'diced celery', 'diced onions', 'vegetable juice', 'seafood seasoning', 'vegetable broth', 'applewood smoked bacon', 'red potato', 'corn kernels', 'diced tomatoes', 'red bell pepper', 'green bell pepper', 'ground black pepper', 'paprika', 'flat leaf parsley']"
25201,mexican,"['ground cinnamon', 'semisweet chocolate', 'large egg whites', 'all-purpose flour', 'unsalted butter', 'pepitas', 'sugar', 'salt']"
22633,italian,"['hot red pepper flakes', 'balsamic vinegar', 'fresh basil leaves', 'pasta', 'prosciutto', 'garlic cloves', 'capers', 'finely chopped onion', 'juice', 'olive oil', 'anchovy fillets']"
41282,italian,"['fat free less sodium chicken broth', 'dry white wine', 'fresh lemon juice', 'capers', 'olive oil', 'butter', 'black pepper', 'broccoli rabe', 'lemon slices', 'seasoned bread crumbs', 'chicken cutlets', 'fresh parsley']"
3040,cajun_creole,"['bell pepper', 'cream of chicken soup', 'onions', 'ground meat', 'rice']"
29033,thai,"['sugar', 'crushed red pepper', 'garlic cloves', 'fresh basil', 'red cabbage', 'salt', 'chopped fresh mint', 'water', 'purple onion', 'fresh lime juice', 'fish sauce', 'vegetable oil', 'dark sesame oil', 'serrano chile']"
40224,mexican,"['vegetable oil', 'corn flour', 'salt', 'warm water', 'wheat flour']"
24640,irish,"['wheat bran', 'salt', 'low-fat buttermilk', 'flax seed meal', 'whole wheat flour', 'all-purpose flour', 'molasses', 'baking powder']"
49262,japanese,"['jicama', 'seasoned rice wine vinegar', 'soba', 'mustard greens', 'scallions', 'salt', 'red bell pepper', 'sesame oil', 'english cucumber']"
28657,mexican,"['manicotti shells', 'green onions', 'shredded Monterey Jack cheese', 'water', 'ground beef', 'picante sauce', 'sour cream', 'ground cumin', 'refried beans', 'dried oregano']"
18842,italian,"['saffron threads', 'olive oil', 'dry white wine', 'grape tomatoes', 'parmigiano reggiano cheese', 'salt', 'fresh rosemary', 'unsalted butter', 'orzo', 'black pepper', 'veal chops', 'garlic cloves']"
27019,mexican,"['white onion', 'russet potatoes', 'chopped cilantro fresh', 'large eggs', 'coarse kosher salt', 'vegetable oil', 'ancho chile pepper', 'ground black pepper', 'watercress', 'masa']"
2982,italian,"['grated parmesan cheese', 'extra-virgin olive oil', 'pepper', 'red wine vinegar', 'fresh oregano', 'oil cured olives', 'green onions', 'salt', 'garbanzo beans', 'pasta rotel', 'fresh parsley']"
33222,italian,"['parmesan cheese', 'garlic', 'pasta water', 'chicken broth', 'boneless skinless chicken breasts', 'salt', 'onions', 'unsalted butter', 'cooking wine', 'fresh parsley', 'pepper', 'heavy cream', 'sliced mushrooms']"
39361,southern_us,"['unsalted butter', 'vegetable oil', 'sausages', 'green bell pepper', 'jalapeno chilies', 'grated jack cheese', 'large eggs', 'worcestershire sauce', 'onions', 'water', 'quickcooking grits', 'scallions']"
13489,indian,"['amchur', 'chillies', 'water', 'salt', 'cumin', 'mint leaves', 'coriander', 'tamarind', 'black salt']"
36461,italian,"['parmigiano reggiano cheese', 'crusty bread', 'parsley', 'eggs', 'marinara sauce', 'mozzarella cheese']"
20757,french,"['fresh rosemary', 'yellow bell pepper', 'anchovy fillets', 'whole milk', 'salt', 'red bell pepper', 'unsalted butter', 'extra-virgin olive oil', 'brine-cured black olives', 'baking powder', 'all-purpose flour', 'onions']"
35136,japanese,"['turnips', 'white miso', 'sesame oil', 'sake', 'potatoes', 'garlic', 'dashi', 'green onions', 'carrots', 'seasoning', 'pork chops', 'ginger']"
30327,southern_us,"['ketchup', 'honey', 'Tabasco Pepper Sauce', 'freshly ground pepper', 'onions', 'kosher salt', 'unsalted butter', 'heavy cream', 'thyme', 'extra sharp cheddar cheese', 'molasses', 'ground black pepper', 'vegetable oil', 'garlic cloves', 'grits', 'chicken broth', 'cider vinegar', 'bourbon whiskey', 'cayenne pepper', 'chopped parsley', 'large shrimp']"
43455,italian,"['fresh tomatoes', 'diced tomatoes', 'onions', 'olive oil', 'garlic', 'tomato sauce', 'uncooked rigatoni', 'fresh basil', 'grating cheese', 'salt']"
36947,mexican,"['chicken bouillon', 'garlic', 'long grain white rice', 'tomatoes', 'jalapeno chilies', 'onions', 'green bell pepper', 'vegetable oil', 'chopped cilantro fresh', 'chicken broth', 'pepper', 'salt', 'ground cumin']"
28056,british,"['russet potatoes', 'cornmeal', 'flour', 'salt', 'fish fillets', 'old bay seasoning', 'vegetable oil', 'beer']"
7530,mexican,"['seasoning', 'lime juice', 'green bell pepper, slice', 'lime wedges', 'salt', 'red bell pepper', 'sugar', 'garlic powder', 'chili powder', 'diced tomatoes', 'shredded cheese', 'onions', 'red chili powder', 'orange bell pepper', 'flour tortillas', 'shredded lettuce', 'salsa', 'sour cream', 'black pepper', 'beef', 'onion powder', 'paprika', 'corn starch', 'ground cumin']"
47505,mexican,"['eggs', 'rolls', 'butter', 'cinnamon sugar', 'sugar', 'cream cheese', 'vanilla']"
16520,french,"['water', 'salt', 'ground cinnamon', 'golden delicious apples', 'all-purpose flour', 'sugar', 'butter', 'large eggs', 'crГЁme fraГ®che']"
35311,moroccan,"['chicken legs', 'lemon', 'onions', 'chicken stock', 'olive oil', 'carrots', 'ground ginger', 'cinnamon', 'couscous', 'tumeric', 'paprika']"
22833,chinese,"['savoy cabbage', 'green onions', 'rice vinegar', 'reduced sodium chicken broth', 'coarse salt', 'soy sauce', 'wonton wrappers', 'toasted sesame oil', 'peeled fresh ginger', 'ground pork']"
14398,korean,"['soy sauce', 'green onions', 'salt', 'cucumber', 'pepper flakes', 'sesame seeds', 'garlic', 'Gochujang base', 'pears', 'rice syrup', 'ginger', 'corn syrup', 'onions', 'eggs', 'bosc pears', 'buckwheat noodles', 'mustard powder']"
29168,indian,"['urad dal', 'jalapeno chilies', 'cumin seed', 'curry leaves', 'salt', 'ginger', 'canola oil']"
22461,chinese,"['hoisin sauce', 'salt', 'sesame oil', 'scallions', 'flour', 'duck', 'water', 'ginger', 'chinese five-spice powder']"
13615,southern_us,"['shredded cheddar cheese', 'vegetable shortening', 'Smithfield Ham', 'baking powder', 'salt', 'butter', 'all-purpose flour', 'green onions', 'buttermilk']"
6360,italian,"['arborio rice', 'ground black pepper', 'onions', 'sun-dried tomatoes', 'vegetable stock', 'dried thyme', 'zucchini', 'fresh basil leaves', 'freshly grated parmesan', 'butter']"
40360,mexican,"['salt', 'chopped cilantro', 'jalapeno chilies', 'fresh lemon juice', 'large garlic cloves', 'hass avocado', 'cumin seed', 'onions']"
40182,southern_us,"['McCormick Parsley Flakes', 'old bay seasoning', 'eggs', 'milk', 'salt', 'bread', 'lump crab meat', 'worcestershire sauce', 'mayonaise', 'baking powder']"
31438,cajun_creole,"['salad', 'water', 'cooking spray', 'paprika', 'garlic cloves', 'long grain white rice', 'black pepper', 'hot pepper sauce', 'ground red pepper', 'chopped onion', 'chicken livers', 'kosher salt', 'chopped green bell pepper', 'chopped fresh thyme', 'ground coriander', 'boneless skinless chicken breast halves', 'lower sodium chicken broth', 'olive oil', 'green onions', 'chopped celery', 'smoked paprika', 'ground cumin']"
31798,southern_us,"['unsalted butter', 'salt', 'whole wheat flour', 'baking powder', 'canola oil', 'sugar', 'reduced fat milk', 'frozen blueberries', 'peaches', 'vanilla extract']"
14342,spanish,"['olive oil', 'garlic cloves', 'pinenuts', 'baking potatoes', 'water', 'pitted olives', 'capers', 'fresh thyme', 'fresh parsley']"
14385,italian,"['arborio rice', 'olive oil', 'brie cheese', 'reduced sodium chicken broth', 'dry white wine', 'cauliflower', 'water', 'florets', 'sliced almonds', 'unsalted butter', 'thyme sprigs']"
14308,vietnamese,"['butter lettuce', 'gluten-free hoisin sauce', 'green onions', 'garlic', 'shrimp', 'toasted sesame seeds', 'salad', 'soy sauce', 'honey', 'cilantro', 'edamame', 'ground cayenne pepper', 'fish sauce', 'toasted cashews', 'fresh ginger', 'crushed red pepper flakes', 'carrots', 'fresh lime juice', 'avocado', 'red chili peppers', 'curry powder', 'sesame oil', 'rice vinegar', 'red bell pepper']"
33841,korean,"['cold water', 'ground black pepper', 'sesame oil', 'toasted sesame seeds', 'sugar', 'mirin', 'garlic cloves', 'low sodium soy sauce', 'asian pear', 'russet potatoes', 'short rib', 'shiitake', 'green onions', 'carrots']"
12830,chinese,"['sambal ulek', 'soy sauce', 'Shaoxing wine', 'garlic', 'lemon juice', 'tomato sauce', 'pork ribs', 'sesame oil', 'chinese five-spice powder', 'brown sugar', 'sesame seeds', 'shallots', 'salt', 'coriander', 'red chili peppers', 'hoisin sauce', 'ginger', 'oyster sauce']"
23096,italian,"['salt', 'egg whites', 'margarine', 'baking powder', 'greek yogurt', 'milk', 'all-purpose flour']"
34026,southern_us,"['yellow corn meal', 'skim milk', 'maple syrup', 'eggs', 'sweet potatoes', 'ground allspice', 'ground cinnamon', 'pepper', 'margarine', 'vegetable oil cooking spray', 'salt']"
30835,filipino,"['lemongrass', 'garlic', 'coconut vinegar', 'ground black pepper', 'margarine', 'lemon soda', 'annatto oil', 'salt', 'lemon juice', 'brown sugar', 'ginger', 'sauce', 'chicken']"
15072,filipino,"['string beans', 'garlic', 'ground beef', 'potatoes', 'fat', 'pepper', 'salt', 'onions', 'egg roll wraps', 'carrots']"
1121,chinese,"['ground pepper', 'garlic', 'safflower oil', 'green onions', 'soy sauce', 'large eggs', 'frozen peas', 'steamed rice', 'sea salt']"
18376,italian,"['penne', 'garlic', 'eggplant', 'lemon juice', 'olive oil', 'salt', 'ground black pepper', 'fresh parsley']"
17815,italian,"['cold water', 'dry white wine', 'fish fillets', 'chopped onion', 'olive oil', 'fresh parsley', 'tomatoes', 'large garlic cloves']"
32878,southern_us,"['water', 'cajun seasoning', 'yellow onion', 'shrimp', 'white wine', 'bay leaves', 'heavy cream', 'Crystal Farms Butter', 'smoked paprika', 'Crystal Farms Shredded Gouda Cheese', 'whole milk', 'worcestershire sauce', 'creole seasoning', 'thyme', 'kosher salt', 'vegetable oil', 'garlic', 'lemon juice', 'grits']"
24410,british,"['mint', 'large eggs', 'heavy cream', 'berries', 'ground cinnamon', 'ground nutmeg', 'whole milk', 'salt', 'grated lemon peel', 'melted butter', 'granulated sugar', 'baking powder', 'all-purpose flour', 'figs', 'graham cracker crumbs', 'sprinkles', 'confectioners sugar']"
